Scenario,Distribution,Target_Skewness,Target_ExcessKurtosis,Achieved_Skewness,Achieved_ExcessKurtosis,Lambda,L,Method,Shift_Size,ARL1,SDRL1,MRL1
Skewness,Skew-Normal,0.5,NA,0.540224751,0.415848185,0.1,2.6952,EWMA,0.25,115.3436,179.7765382,58
Skewness,Skew-Normal,0.5,NA,0.495616014,0.300805534,0.1,2.6952,WV,0.25,100.7475,161.1384054,52
Skewness,Skew-Normal,0.5,NA,0.491737563,0.313959279,0.1,2.6952,WSD,0.25,86.7883,142.2171616,45
Skewness,Skew-Normal,0.5,NA,0.500501736,0.42155922,0.1,2.6952,SC,0.25,254.8882,357.3754189,124
Skewness,Skew-Normal,0.5,NA,0.481606107,0.304407101,0.2,2.8537,EWMA,0.25,130.3263,205.1584842,63
Skewness,Skew-Normal,0.5,NA,0.507649245,0.371723439,0.2,2.8537,WV,0.25,110.7037,185.2870871,54
Skewness,Skew-Normal,0.5,NA,0.483787297,0.36819686,0.2,2.8537,WSD,0.25,91.0826,144.5851634,47.5
Skewness,Skew-Normal,0.5,NA,0.490798323,0.329789218,0.2,2.8537,SC,0.25,318.2412,425.9936019,153
Skewness,Skew-Normal,0.5,NA,0.47423293,0.226305269,0.3,2.9286,EWMA,0.25,138.5199,222.7172973,67
Skewness,Skew-Normal,0.5,NA,0.491370712,0.24640348,0.3,2.9286,WV,0.25,107.9671,168.89752,54
Skewness,Skew-Normal,0.5,NA,0.515530379,0.340368643,0.3,2.9286,WSD,0.25,89.2524,143.5191829,46
Skewness,Skew-Normal,0.5,NA,0.500935879,0.312018222,0.3,2.9286,SC,0.25,366.8725,474.1315087,178
Skewness,Skew-Normal,0.5,NA,0.520097598,0.408953073,0.1,2.6952,EWMA,0.5,33.6875,41.39782629,22
Skewness,Skew-Normal,0.5,NA,0.488622434,0.295410405,0.1,2.6952,WV,0.5,29.5509,32.328958,20
Skewness,Skew-Normal,0.5,NA,0.502264794,0.305412725,0.1,2.6952,WSD,0.5,26.8546,27.53245108,19
Skewness,Skew-Normal,0.5,NA,0.511553033,0.357598517,0.1,2.6952,SC,0.5,72.8216,119.9450326,39
Skewness,Skew-Normal,0.5,NA,0.512085026,0.325940825,0.2,2.8537,EWMA,0.5,40.9795,53.98320385,24
Skewness,Skew-Normal,0.5,NA,0.482079757,0.314121847,0.2,2.8537,WV,0.5,35.4763,47.09903895,22
Skewness,Skew-Normal,0.5,NA,0.470667564,0.221110194,0.2,2.8537,WSD,0.5,30.9268,40.32905014,19
Skewness,Skew-Normal,0.5,NA,0.485162957,0.279727854,0.2,2.8537,SC,0.5,116.4602,202.5819715,54
Skewness,Skew-Normal,0.5,NA,0.519259009,0.399885404,0.3,2.9286,EWMA,0.5,50.2319,72.11654181,28
Skewness,Skew-Normal,0.5,NA,0.506655977,0.357433248,0.3,2.9286,WV,0.5,40.3244,55.89221197,23
Skewness,Skew-Normal,0.5,NA,0.512791389,0.339382236,0.3,2.9286,WSD,0.5,34.8496,45.01811017,21
Skewness,Skew-Normal,0.5,NA,0.472554712,0.353200272,0.3,2.9286,SC,0.5,149.4031,247.2417065,68
Skewness,Skew-Normal,0.5,NA,0.517489867,0.341141038,0.1,2.6952,EWMA,0.75,15.8847,11.92163657,13
Skewness,Skew-Normal,0.5,NA,0.524869426,0.406083797,0.1,2.6952,WV,0.75,14.6642,10.70672227,12
Skewness,Skew-Normal,0.5,NA,0.533435435,0.378428216,0.1,2.6952,WSD,0.75,13.4304,9.297558836,11
Skewness,Skew-Normal,0.5,NA,0.486396995,0.291039353,0.1,2.6952,SC,0.75,24.9395,22.54988447,19
Skewness,Skew-Normal,0.5,NA,0.48138194,0.281974777,0.2,2.8537,EWMA,0.75,18.0524,18.26448503,13
Skewness,Skew-Normal,0.5,NA,0.483932747,0.26166524,0.2,2.8537,WV,0.75,16.2763,15.46175491,12
Skewness,Skew-Normal,0.5,NA,0.498391997,0.336990861,0.2,2.8537,WSD,0.75,14.7485,13.32334038,11
Skewness,Skew-Normal,0.5,NA,0.490431162,0.337396741,0.2,2.8537,SC,0.75,37.8885,52.50522019,22
Skewness,Skew-Normal,0.5,NA,0.489205826,0.397926191,0.3,2.9286,EWMA,0.75,21.7372,25.42793728,14
Skewness,Skew-Normal,0.5,NA,0.525705788,0.359638502,0.3,2.9286,WV,0.75,18.6394,19.64910116,13
Skewness,Skew-Normal,0.5,NA,0.48729593,0.314021205,0.3,2.9286,WSD,0.75,16.8073,18.24908408,11
Skewness,Skew-Normal,0.5,NA,0.531193232,0.380366472,0.3,2.9286,SC,0.75,61.1409,103.2039706,31
Skewness,Skew-Normal,0.5,NA,0.457151595,0.178652525,0.1,2.6952,EWMA,1,10.0972,5.684363057,9
Skewness,Skew-Normal,0.5,NA,0.495680766,0.308215777,0.1,2.6952,WV,1,9.5175,5.079239472,8
Skewness,Skew-Normal,0.5,NA,0.504737597,0.373658655,0.1,2.6952,WSD,1,9.0611,4.943016299,8
Skewness,Skew-Normal,0.5,NA,0.51495484,0.420753857,0.1,2.6952,SC,1,14.4464,9.166729511,12
Skewness,Skew-Normal,0.5,NA,0.484665773,0.358957354,0.2,2.8537,EWMA,1,10.3019,7.621519871,8
Skewness,Skew-Normal,0.5,NA,0.481213061,0.270564502,0.2,2.8537,WV,1,9.6923,7.194275257,8
Skewness,Skew-Normal,0.5,NA,0.463863786,0.206582796,0.2,2.8537,WSD,1,8.9517,6.619618497,7
Skewness,Skew-Normal,0.5,NA,0.476668846,0.314794865,0.2,2.8537,SC,1,17.2905,16.47799327,12
Skewness,Skew-Normal,0.5,NA,0.516665331,0.363852907,0.3,2.9286,EWMA,1,11.8778,10.86964958,9
Skewness,Skew-Normal,0.5,NA,0.464908547,0.293798823,0.3,2.9286,WV,1,10.89,9.929670681,8
Skewness,Skew-Normal,0.5,NA,0.491837508,0.324709143,0.3,2.9286,WSD,1,9.691,8.7671321,7
Skewness,Skew-Normal,0.5,NA,0.506126399,0.314102477,0.3,2.9286,SC,1,24.5465,34.7811761,15
Skewness,Skew-Normal,0.5,NA,0.482301825,0.264975677,0.1,2.6952,EWMA,1.5,5.8757,2.300343163,5
Skewness,Skew-Normal,0.5,NA,0.520185429,0.399452402,0.1,2.6952,WV,1.5,5.6048,2.205788637,5
Skewness,Skew-Normal,0.5,NA,0.528037831,0.344731675,0.1,2.6952,WSD,1.5,5.2459,2.030085051,5
Skewness,Skew-Normal,0.5,NA,0.493509227,0.317594532,0.1,2.6952,SC,1.5,7.6078,3.038667884,7
Skewness,Skew-Normal,0.5,NA,0.530146304,0.463564287,0.2,2.8537,EWMA,1.5,5.3942,2.702949677,5
Skewness,Skew-Normal,0.5,NA,0.490740785,0.309780116,0.2,2.8537,WV,1.5,5.0486,2.516519685,5
Skewness,Skew-Normal,0.5,NA,0.521579321,0.355210406,0.2,2.8537,WSD,1.5,4.8108,2.381841867,4
Skewness,Skew-Normal,0.5,NA,0.478156788,0.263685967,0.2,2.8537,SC,1.5,7.3742,4.137425067,6
Skewness,Skew-Normal,0.5,NA,0.506899006,0.393636891,0.3,2.9286,EWMA,1.5,5.4535,3.490480783,5
Skewness,Skew-Normal,0.5,NA,0.516060963,0.363097214,0.3,2.9286,WV,1.5,5.1155,3.208237683,4
Skewness,Skew-Normal,0.5,NA,0.528957862,0.479554323,0.3,2.9286,WSD,1.5,4.7717,2.901727264,4
Skewness,Skew-Normal,0.5,NA,0.515496718,0.352047341,0.3,2.9286,SC,1.5,8.77,6.917375587,7
Skewness,Skew-Normal,1,NA,0.976691293,0.77306229,0.1,2.6952,EWMA,0.25,104.2281,185.7653276,49
Skewness,Skew-Normal,1,NA,1.00289928,0.853807333,0.1,2.6952,WV,0.25,76.9908,122.8115735,40
Skewness,Skew-Normal,1,NA,1.013396074,0.996308423,0.1,2.6952,WSD,0.25,63.4812,112.18025,33
Skewness,Skew-Normal,1,NA,0.971756602,0.799472642,0.1,2.6952,SC,0.25,297.9434,387.1557952,153
Skewness,Skew-Normal,1,NA,1.012741152,0.950501235,0.2,2.8537,EWMA,0.25,105.6906,178.2196103,49
Skewness,Skew-Normal,1,NA,0.990074036,0.849052938,0.2,2.8537,WV,0.25,73.0495,122.1618795,38
Skewness,Skew-Normal,1,NA,1.000602037,0.868009254,0.2,2.8537,WSD,0.25,52.697,79.10533583,29
Skewness,Skew-Normal,1,NA,1.001393661,0.889848308,0.2,2.8537,SC,0.25,369.2115,467.7534396,187
Skewness,Skew-Normal,1,NA,0.978867549,0.811855318,0.3,2.9286,EWMA,0.25,96.6008,157.3122003,48
Skewness,Skew-Normal,1,NA,0.9861987,0.829219401,0.3,2.9286,WV,0.25,66.328,101.6947294,35
Skewness,Skew-Normal,1,NA,1.024575776,0.973473817,0.3,2.9286,WSD,0.25,48.6312,69.66881914,27
Skewness,Skew-Normal,1,NA,0.973220351,0.849685682,0.3,2.9286,SC,0.25,472.2423,568.1208323,228
Skewness,Skew-Normal,1,NA,0.965426631,0.735920141,0.1,2.6952,EWMA,0.5,31.5534,37.92865153,21
Skewness,Skew-Normal,1,NA,1.018177915,0.907555389,0.1,2.6952,WV,0.5,25.5748,26.66314868,18
Skewness,Skew-Normal,1,NA,0.99310584,0.787660363,0.1,2.6952,WSD,0.5,21.9081,24.66151807,15
Skewness,Skew-Normal,1,NA,0.963826688,0.776646489,0.1,2.6952,SC,0.5,122.7095,223.1834187,53
Skewness,Skew-Normal,1,NA,1.025186579,1.023598486,0.2,2.8537,EWMA,0.5,36.0457,49.23957621,21
Skewness,Skew-Normal,1,NA,1.010584542,0.908070566,0.2,2.8537,WV,0.5,27.2367,34.03556544,17
Skewness,Skew-Normal,1,NA,1.016175343,0.961439833,0.2,2.8537,WSD,0.5,21.6497,24.36471124,14
Skewness,Skew-Normal,1,NA,0.999976608,0.967448067,0.2,2.8537,SC,0.5,201.7672,340.9419434,80
Skewness,Skew-Normal,1,NA,0.983633557,0.764507857,0.3,2.9286,EWMA,0.5,39.4986,59.31345721,22
Skewness,Skew-Normal,1,NA,1.010826033,0.863360014,0.3,2.9286,WV,0.5,28.7927,38.06158687,17
Skewness,Skew-Normal,1,NA,0.963274841,0.792356777,0.3,2.9286,WSD,0.5,22.6527,27.24122411,14
Skewness,Skew-Normal,1,NA,1.039443922,1.165476051,0.3,2.9286,SC,0.5,271.9595,413.2823605,113
Skewness,Skew-Normal,1,NA,0.981644327,0.81555321,0.1,2.6952,EWMA,0.75,15.922,13.04409947,12
Skewness,Skew-Normal,1,NA,0.971779191,0.802616606,0.1,2.6952,WV,0.75,13.8103,10.31158314,11
Skewness,Skew-Normal,1,NA,1.009130279,0.933498631,0.1,2.6952,WSD,0.75,12.0614,8.902918411,10
Skewness,Skew-Normal,1,NA,1.007287511,0.844663657,0.1,2.6952,SC,0.75,38.6804,58.06373219,25
Skewness,Skew-Normal,1,NA,0.994162528,0.900264119,0.2,2.8537,EWMA,0.75,17.5302,18.04841994,12
Skewness,Skew-Normal,1,NA,0.998562278,0.932884751,0.2,2.8537,WV,0.75,14.4489,14.20532182,10
Skewness,Skew-Normal,1,NA,1.011660659,0.893941418,0.2,2.8537,WSD,0.75,11.6097,10.27615326,9
Skewness,Skew-Normal,1,NA,0.973015366,0.757323734,0.2,2.8537,SC,0.75,65.3428,129.6588671,31
Skewness,Skew-Normal,1,NA,0.990201928,0.863262999,0.3,2.9286,EWMA,0.75,19.6441,24.00899161,13
Skewness,Skew-Normal,1,NA,1.004096047,0.884465234,0.3,2.9286,WV,0.75,15.3636,17.64963303,10
Skewness,Skew-Normal,1,NA,1.019852645,0.955251319,0.3,2.9286,WSD,0.75,12.1963,11.81456409,9
Skewness,Skew-Normal,1,NA,0.99509305,0.932640658,0.3,2.9286,SC,0.75,95.5116,172.9390542,42
Skewness,Skew-Normal,1,NA,0.954161778,0.658173618,0.1,2.6952,EWMA,1,10.005,6.056586764,9
Skewness,Skew-Normal,1,NA,0.96897787,0.750212707,0.1,2.6952,WV,1,8.9583,5.146378302,8
Skewness,Skew-Normal,1,NA,0.985397657,0.869272558,0.1,2.6952,WSD,1,8.1155,4.572532182,7
Skewness,Skew-Normal,1,NA,0.988093833,0.86402331,0.1,2.6952,SC,1,19.008,15.64278766,15
Skewness,Skew-Normal,1,NA,1.002497493,0.844946856,0.2,2.8537,EWMA,1,10.1357,8.19640187,8
Skewness,Skew-Normal,1,NA,1.013738076,0.879420347,0.2,2.8537,WV,1,8.6758,6.438310302,7
Skewness,Skew-Normal,1,NA,1.01429639,0.95580668,0.2,2.8537,WSD,1,7.459,5.524633124,6
Skewness,Skew-Normal,1,NA,1.01155075,0.871069846,0.2,2.8537,SC,1,27.5815,34.70912315,17
Skewness,Skew-Normal,1,NA,1.025510204,0.978121008,0.3,2.9286,EWMA,1,11.495,11.64386246,8
Skewness,Skew-Normal,1,NA,1.014759779,0.921423457,0.3,2.9286,WV,1,9.0582,7.945056649,7
Skewness,Skew-Normal,1,NA,0.998205787,0.928503342,0.3,2.9286,WSD,1,7.9351,6.777424388,6
Skewness,Skew-Normal,1,NA,1.003050827,0.927106033,0.3,2.9286,SC,1,41.3931,71.57853394,21
Skewness,Skew-Normal,1,NA,0.978886478,0.790890886,0.1,2.6952,EWMA,1.5,5.8361,2.351337847,5
Skewness,Skew-Normal,1,NA,0.986593481,0.834291036,0.1,2.6952,WV,1.5,5.3044,2.136538584,5
Skewness,Skew-Normal,1,NA,1.02087881,0.93488309,0.1,2.6952,WSD,1.5,4.8528,1.987895202,5
Skewness,Skew-Normal,1,NA,1.031577708,1.004148541,0.1,2.6952,SC,1.5,9.2261,3.924808174,8
Skewness,Skew-Normal,1,NA,1.000449716,0.892918547,0.2,2.8537,EWMA,1.5,5.3532,2.831969591,5
Skewness,Skew-Normal,1,NA,1.004130633,0.898166126,0.2,2.8537,WV,1.5,4.8127,2.47657668,4
Skewness,Skew-Normal,1,NA,1.003483604,0.897866436,0.2,2.8537,WSD,1.5,4.3909,2.28394808,4
Skewness,Skew-Normal,1,NA,1.000176455,0.93597614,0.2,2.8537,SC,1.5,9.6562,6.94160069,8
Skewness,Skew-Normal,1,NA,0.95066205,0.666781211,0.3,2.9286,EWMA,1.5,5.4741,3.631617829,5
Skewness,Skew-Normal,1,NA,0.977825068,0.802101969,0.3,2.9286,WV,1.5,4.831,3.049847399,4
Skewness,Skew-Normal,1,NA,1.000382013,0.864287884,0.3,2.9286,WSD,1.5,4.2194,2.551492632,4
Skewness,Skew-Normal,1,NA,0.975337189,0.758695921,0.3,2.9286,SC,1.5,11.9353,11.90811884,9
Skewness,Skew-Normal,1.5,NA,1.006868314,0.959528074,0.1,2.6952,EWMA,0.25,108.81,190.1797027,50
Skewness,Skew-Normal,1.5,NA,0.978397251,0.846357105,0.1,2.6952,WV,0.25,78.0166,126.7635509,40
Skewness,Skew-Normal,1.5,NA,1.002076467,0.85018791,0.1,2.6952,WSD,0.25,59.8554,97.88104291,32
Skewness,Skew-Normal,1.5,NA,0.976537183,0.747355969,0.1,2.6952,SC,0.25,298.063,383.026891,155
Skewness,Skew-Normal,1.5,NA,1.025557569,0.970978958,0.2,2.8537,EWMA,0.25,101.0129,166.7209151,49
Skewness,Skew-Normal,1.5,NA,0.97911283,0.838248952,0.2,2.8537,WV,0.25,72.2092,111.3167498,38
Skewness,Skew-Normal,1.5,NA,1.036906902,1.046040463,0.2,2.8537,WSD,0.25,52.3401,79.90290658,29
Skewness,Skew-Normal,1.5,NA,1.005178262,0.893380335,0.2,2.8537,SC,0.25,366.3947,468.2482826,182
Skewness,Skew-Normal,1.5,NA,1.017618832,0.949028782,0.3,2.9286,EWMA,0.25,98.1313,157.2530658,49
Skewness,Skew-Normal,1.5,NA,0.99302272,0.813003424,0.3,2.9286,WV,0.25,64.3853,94.10088704,35
Skewness,Skew-Normal,1.5,NA,1.02172523,0.989412465,0.3,2.9286,WSD,0.25,48.5752,72.09948251,27
Skewness,Skew-Normal,1.5,NA,1.003849291,0.877746969,0.3,2.9286,SC,0.25,469.4606,562.7768148,232
Skewness,Skew-Normal,1.5,NA,0.997681898,0.853986593,0.1,2.6952,EWMA,0.5,32.5904,42.93987903,21
Skewness,Skew-Normal,1.5,NA,0.981070053,0.837838607,0.1,2.6952,WV,0.5,26.506,30.31266484,18
Skewness,Skew-Normal,1.5,NA,0.989604616,0.869813063,0.1,2.6952,WSD,0.5,22.1562,22.82032599,16
Skewness,Skew-Normal,1.5,NA,1.033539006,1.051468547,0.1,2.6952,SC,0.5,131.0318,241.4290198,55
Skewness,Skew-Normal,1.5,NA,0.96942474,0.736294635,0.2,2.8537,EWMA,0.5,37.2452,53.78192007,22
Skewness,Skew-Normal,1.5,NA,0.954035352,0.666868486,0.2,2.8537,WV,0.5,28.0101,35.80546887,17
Skewness,Skew-Normal,1.5,NA,0.988100399,0.832629665,0.2,2.8537,WSD,0.5,21.3552,22.94581626,14
Skewness,Skew-Normal,1.5,NA,1.018571192,0.978791705,0.2,2.8537,SC,0.5,212.4551,357.5888801,83
Skewness,Skew-Normal,1.5,NA,0.996151875,0.823363777,0.3,2.9286,EWMA,0.5,40.3077,57.01069235,23
Skewness,Skew-Normal,1.5,NA,0.967151732,0.712160696,0.3,2.9286,WV,0.5,29.0273,39.66779686,17
Skewness,Skew-Normal,1.5,NA,0.978700851,0.751007804,0.3,2.9286,WSD,0.5,22.7643,27.97434185,14
Skewness,Skew-Normal,1.5,NA,1.008451305,0.873876224,0.3,2.9286,SC,0.5,261.1113,407.0213908,107.5
Skewness,Skew-Normal,1.5,NA,1.0090456,0.926791661,0.1,2.6952,EWMA,0.75,15.6033,11.96943005,12
Skewness,Skew-Normal,1.5,NA,1.003038628,0.958528809,0.1,2.6952,WV,0.75,13.4977,10.06522357,11
Skewness,Skew-Normal,1.5,NA,0.986655311,0.87125451,0.1,2.6952,WSD,0.75,11.9883,8.49819893,10
Skewness,Skew-Normal,1.5,NA,0.992870762,0.841165374,0.1,2.6952,SC,0.75,37.6426,56.49732967,24
Skewness,Skew-Normal,1.5,NA,1.023273482,0.960679726,0.2,2.8537,EWMA,0.75,17.369,17.94377432,12
Skewness,Skew-Normal,1.5,NA,0.987163942,0.793686584,0.2,2.8537,WV,0.75,14.2702,13.57317999,10
Skewness,Skew-Normal,1.5,NA,1.003319995,0.915538062,0.2,2.8537,WSD,0.75,12.0851,11.11317274,9
Skewness,Skew-Normal,1.5,NA,1.010095773,0.969852331,0.2,2.8537,SC,0.75,66.2524,117.9417293,32
Skewness,Skew-Normal,1.5,NA,0.986241407,0.789705738,0.3,2.9286,EWMA,0.75,19.4457,21.82198138,13
Skewness,Skew-Normal,1.5,NA,1.011533427,1.005292191,0.3,2.9286,WV,0.75,15.4985,16.73935537,10
Skewness,Skew-Normal,1.5,NA,0.964855602,0.811969078,0.3,2.9286,WSD,0.75,12.6477,13.50689558,9
Skewness,Skew-Normal,1.5,NA,0.986939537,0.834550503,0.3,2.9286,SC,0.75,96.0777,176.6374981,42
Skewness,Skew-Normal,1.5,NA,0.999076782,0.81362978,0.1,2.6952,EWMA,1,9.9256,5.676238773,9
Skewness,Skew-Normal,1.5,NA,0.97708421,0.787799053,0.1,2.6952,WV,1,9.0315,5.262288183,8
Skewness,Skew-Normal,1.5,NA,0.984464034,0.831691721,0.1,2.6952,WSD,1,8.0647,4.522339999,7
Skewness,Skew-Normal,1.5,NA,0.984842714,0.833857846,0.1,2.6952,SC,1,18.8818,14.8342588,15
Skewness,Skew-Normal,1.5,NA,1.029747473,1.091671817,0.2,2.8537,EWMA,1,10.4031,8.114850305,8
Skewness,Skew-Normal,1.5,NA,0.98512988,0.809425246,0.2,2.8537,WV,1,8.7465,6.667419531,7
Skewness,Skew-Normal,1.5,NA,1.027415006,1.023803873,0.2,2.8537,WSD,1,7.6366,5.553235479,6
Skewness,Skew-Normal,1.5,NA,0.990684794,0.90744062,0.2,2.8537,SC,1,26.6187,33.20641168,17
Skewness,Skew-Normal,1.5,NA,0.98202872,0.802910301,0.3,2.9286,EWMA,1,11.6628,11.73879364,8
Skewness,Skew-Normal,1.5,NA,0.972064311,0.810808448,0.3,2.9286,WV,1,9.2398,8.198610717,7
Skewness,Skew-Normal,1.5,NA,1.021538632,0.973419969,0.3,2.9286,WSD,1,7.6917,6.405353539,6
Skewness,Skew-Normal,1.5,NA,1.005219607,0.915088444,0.3,2.9286,SC,1,41.3315,74.54815726,22
Skewness,Skew-Normal,1.5,NA,0.993816283,0.863137848,0.1,2.6952,EWMA,1.5,5.8209,2.358978522,5
Skewness,Skew-Normal,1.5,NA,0.984770452,0.852585843,0.1,2.6952,WV,1.5,5.3118,2.145935988,5
Skewness,Skew-Normal,1.5,NA,0.97760169,0.747805561,0.1,2.6952,WSD,1.5,4.8853,2.014931737,5
Skewness,Skew-Normal,1.5,NA,0.972258627,0.754754832,0.1,2.6952,SC,1.5,9.0622,3.862722255,8
Skewness,Skew-Normal,1.5,NA,1.003266664,0.887799463,0.2,2.8537,EWMA,1.5,5.3493,2.743654912,5
Skewness,Skew-Normal,1.5,NA,0.959765951,0.689475482,0.2,2.8537,WV,1.5,4.788,2.52132737,4
Skewness,Skew-Normal,1.5,NA,0.980724346,0.816934062,0.2,2.8537,WSD,1.5,4.3011,2.221200613,4
Skewness,Skew-Normal,1.5,NA,0.95440802,0.704666242,0.2,2.8537,SC,1.5,9.4968,6.834153958,8
Skewness,Skew-Normal,1.5,NA,0.965790317,0.74554428,0.3,2.9286,EWMA,1.5,5.4726,3.611862926,5
Skewness,Skew-Normal,1.5,NA,1.023963875,0.915743586,0.3,2.9286,WV,1.5,4.7054,3.019059839,4
Skewness,Skew-Normal,1.5,NA,0.960506548,0.678692991,0.3,2.9286,WSD,1.5,4.1678,2.581299958,4
Skewness,Skew-Normal,1.5,NA,1.004562824,0.991200147,0.3,2.9286,SC,1.5,11.9507,11.96002399,9
Skewness,Skew-Normal,2,NA,0.992416289,0.844906636,0.1,2.6952,EWMA,0.25,106.9579,185.2997586,51
Skewness,Skew-Normal,2,NA,1.00892763,0.944355845,0.1,2.6952,WV,0.25,79.9307,138.8589647,40
Skewness,Skew-Normal,2,NA,1.006773035,0.915256324,0.1,2.6952,WSD,0.25,59.8859,92.41454607,32
Skewness,Skew-Normal,2,NA,0.971984018,0.710188548,0.1,2.6952,SC,0.25,296.8311,390.3277732,148
Skewness,Skew-Normal,2,NA,0.967964494,0.767555331,0.2,2.8537,EWMA,0.25,107.2727,190.5993997,49
Skewness,Skew-Normal,2,NA,0.973502881,0.797142347,0.2,2.8537,WV,0.25,73.3677,121.2214097,38
Skewness,Skew-Normal,2,NA,0.968549301,0.73737047,0.2,2.8537,WSD,0.25,54.4241,84.07313524,30
Skewness,Skew-Normal,2,NA,0.982563081,0.857762439,0.2,2.8537,SC,0.25,375.3375,480.5051104,186
Skewness,Skew-Normal,2,NA,0.970132167,0.756084196,0.3,2.9286,EWMA,0.25,98.302,155.0606474,49
Skewness,Skew-Normal,2,NA,0.996615758,0.824244862,0.3,2.9286,WV,0.25,67.2268,109.2911214,35
Skewness,Skew-Normal,2,NA,0.998504028,0.850441155,0.3,2.9286,WSD,0.25,48.8587,67.04919607,28
Skewness,Skew-Normal,2,NA,0.982454514,0.822814047,0.3,2.9286,SC,0.25,469.7298,565.1399813,232
Skewness,Skew-Normal,2,NA,0.982382405,0.804826365,0.1,2.6952,EWMA,0.5,32.0803,38.05800432,21
Skewness,Skew-Normal,2,NA,1.046312648,1.050724886,0.1,2.6952,WV,0.5,25.7529,28.93485725,18
Skewness,Skew-Normal,2,NA,0.987383431,0.820138144,0.1,2.6952,WSD,0.5,22.0751,23.08928694,15
Skewness,Skew-Normal,2,NA,0.964768172,0.811075053,0.1,2.6952,SC,0.5,121.2597,220.1436767,54
Skewness,Skew-Normal,2,NA,0.992236244,0.861356125,0.2,2.8537,EWMA,0.5,37.4991,53.86337833,22
Skewness,Skew-Normal,2,NA,1.015976315,0.959975443,0.2,2.8537,WV,0.5,28.3988,41.75555665,17
Skewness,Skew-Normal,2,NA,1.024829658,0.996970292,0.2,2.8537,WSD,0.5,22.0323,26.54658789,14
Skewness,Skew-Normal,2,NA,0.985487133,0.869713651,0.2,2.8537,SC,0.5,203.8657,348.3893896,80
Skewness,Skew-Normal,2,NA,1.012695299,0.946864058,0.3,2.9286,EWMA,0.5,40.5429,59.43611717,23
Skewness,Skew-Normal,2,NA,0.964759339,0.73171762,0.3,2.9286,WV,0.5,29.6717,38.30627959,17
Skewness,Skew-Normal,2,NA,1.000960524,0.873251058,0.3,2.9286,WSD,0.5,22.0413,27.43057487,14
Skewness,Skew-Normal,2,NA,0.978835163,0.783835917,0.3,2.9286,SC,0.5,255.1145,401.5490281,104
Skewness,Skew-Normal,2,NA,0.998082065,0.868039276,0.1,2.6952,EWMA,0.75,15.7104,12.43431514,12
Skewness,Skew-Normal,2,NA,1.007243051,0.872779759,0.1,2.6952,WV,0.75,13.5169,10.18657406,11
Skewness,Skew-Normal,2,NA,1.047643386,1.090285137,0.1,2.6952,WSD,0.75,11.8464,8.68113721,10
Skewness,Skew-Normal,2,NA,0.960408485,0.722056108,0.1,2.6952,SC,0.75,38.1175,59.94067552,24
Skewness,Skew-Normal,2,NA,0.986581492,0.865914134,0.2,2.8537,EWMA,0.75,17.3394,18.03600115,12
Skewness,Skew-Normal,2,NA,0.98560176,0.809586304,0.2,2.8537,WV,0.75,14.1595,13.53945314,10
Skewness,Skew-Normal,2,NA,1.044560177,1.006200483,0.2,2.8537,WSD,0.75,11.7958,10.50906972,9
Skewness,Skew-Normal,2,NA,0.964951165,0.755785818,0.2,2.8537,SC,0.75,61.9095,112.2043978,30
Skewness,Skew-Normal,2,NA,1.003372078,0.876532765,0.3,2.9286,EWMA,0.75,19.8634,24.28036025,12
Skewness,Skew-Normal,2,NA,1.003255071,0.979245909,0.3,2.9286,WV,0.75,15.769,17.03943289,11
Skewness,Skew-Normal,2,NA,0.973130425,0.719338925,0.3,2.9286,WSD,0.75,12.137,13.02320972,8
Skewness,Skew-Normal,2,NA,0.969783203,0.756782378,0.3,2.9286,SC,0.75,93.8162,172.1076847,41
Skewness,Skew-Normal,2,NA,0.994811284,0.839006744,0.1,2.6952,EWMA,1,10.0572,5.914442173,9
Skewness,Skew-Normal,2,NA,0.96766871,0.718985792,0.1,2.6952,WV,1,9.0616,5.219782568,8
Skewness,Skew-Normal,2,NA,0.984535523,0.815360935,0.1,2.6952,WSD,1,8.1103,4.625913295,7
Skewness,Skew-Normal,2,NA,0.974100515,0.751904394,0.1,2.6952,SC,1,18.3753,14.81085366,15
Skewness,Skew-Normal,2,NA,1.020457322,0.985948034,0.2,2.8537,EWMA,1,10.3274,8.287802966,8
Skewness,Skew-Normal,2,NA,0.993949655,0.831919531,0.2,2.8537,WV,1,8.8916,6.580180797,7
Skewness,Skew-Normal,2,NA,0.992195113,0.870737466,0.2,2.8537,WSD,1,7.7492,5.634028185,6
Skewness,Skew-Normal,2,NA,0.984948334,0.837631965,0.2,2.8537,SC,1,26.2472,38.14500487,17
Skewness,Skew-Normal,2,NA,1.01321404,0.925827594,0.3,2.9286,EWMA,1,11.5066,11.71770826,8
Skewness,Skew-Normal,2,NA,0.999729781,0.894416306,0.3,2.9286,WV,1,9.3033,8.312606033,7
Skewness,Skew-Normal,2,NA,0.96057162,0.741111443,0.3,2.9286,WSD,1,8.032,6.908860198,6
Skewness,Skew-Normal,2,NA,1.016545344,0.895589162,0.3,2.9286,SC,1,40.9973,71.19191332,21
Skewness,Skew-Normal,2,NA,1.026733915,0.97016541,0.1,2.6952,EWMA,1.5,5.8257,2.357769161,5
Skewness,Skew-Normal,2,NA,1.009687885,0.923910243,0.1,2.6952,WV,1.5,5.3527,2.222160325,5
Skewness,Skew-Normal,2,NA,0.999561239,0.89517156,0.1,2.6952,WSD,1.5,4.8621,2.001070718,5
Skewness,Skew-Normal,2,NA,1.006581714,0.963081279,0.1,2.6952,SC,1.5,9.0662,3.891751808,8
Skewness,Skew-Normal,2,NA,1.009107194,0.942356842,0.2,2.8537,EWMA,1.5,5.3856,2.87773188,5
Skewness,Skew-Normal,2,NA,1.014695745,0.987804236,0.2,2.8537,WV,1.5,4.7884,2.491835943,4
Skewness,Skew-Normal,2,NA,1.012637249,0.916635381,0.2,2.8537,WSD,1.5,4.2484,2.184164485,4
Skewness,Skew-Normal,2,NA,0.983040399,0.806717462,0.2,2.8537,SC,1.5,9.5659,6.522094063,8
Skewness,Skew-Normal,2,NA,1.013980893,0.92249999,0.3,2.9286,EWMA,1.5,5.3962,3.519156718,4.5
Skewness,Skew-Normal,2,NA,0.989527578,0.845592829,0.3,2.9286,WV,1.5,4.8362,3.041659864,4
Skewness,Skew-Normal,2,NA,0.981312742,0.803650122,0.3,2.9286,WSD,1.5,4.2696,2.594877488,4
Skewness,Skew-Normal,2,NA,1.004887566,0.933504259,0.3,2.9286,SC,1.5,11.9859,11.6643434,8
Skewness,Skew-Normal,2.5,NA,0.966663334,0.775406453,0.1,2.6952,EWMA,0.25,105.446,183.9169949,49
Skewness,Skew-Normal,2.5,NA,1.052178738,1.124014002,0.1,2.6952,WV,0.25,77.7397,127.8409882,41
Skewness,Skew-Normal,2.5,NA,1.021478183,0.928496375,0.1,2.6952,WSD,0.25,58.7991,92.7300546,32
Skewness,Skew-Normal,2.5,NA,0.99315685,0.795386682,0.1,2.6952,SC,0.25,295.4367,382.4940849,153
Skewness,Skew-Normal,2.5,NA,0.96906643,0.798058831,0.2,2.8537,EWMA,0.25,103.144,171.115573,49
Skewness,Skew-Normal,2.5,NA,1.003967893,0.884202094,0.2,2.8537,WV,0.25,71.1122,113.4744026,37
Skewness,Skew-Normal,2.5,NA,1.014849289,0.980782655,0.2,2.8537,WSD,0.25,53.9093,83.99340071,29
Skewness,Skew-Normal,2.5,NA,1.018619272,1.028692344,0.2,2.8537,SC,0.25,369.1829,462.340749,188
Skewness,Skew-Normal,2.5,NA,0.989040381,0.850776895,0.3,2.9286,EWMA,0.25,96.9083,152.5289173,49
Skewness,Skew-Normal,2.5,NA,0.997805883,0.879758003,0.3,2.9286,WV,0.25,65.9512,101.2548778,35
Skewness,Skew-Normal,2.5,NA,1.00237386,0.872734695,0.3,2.9286,WSD,0.25,48.334,72.37347329,26
Skewness,Skew-Normal,2.5,NA,0.977767005,0.794255943,0.3,2.9286,SC,0.25,473.9926,565.5435749,236
Skewness,Skew-Normal,2.5,NA,1.011144135,0.968792398,0.1,2.6952,EWMA,0.5,31.8522,41.72269926,21
Skewness,Skew-Normal,2.5,NA,0.986792504,0.872810863,0.1,2.6952,WV,0.5,26.1315,28.67883985,18
Skewness,Skew-Normal,2.5,NA,1.012039287,0.959411558,0.1,2.6952,WSD,0.5,22.182,24.58970804,15
Skewness,Skew-Normal,2.5,NA,0.998091726,0.904558126,0.1,2.6952,SC,0.5,123.9841,225.2941721,54
Skewness,Skew-Normal,2.5,NA,0.963016998,0.68072932,0.2,2.8537,EWMA,0.5,37.2189,58.61829572,21
Skewness,Skew-Normal,2.5,NA,0.990393107,0.844787182,0.2,2.8537,WV,0.5,28.9205,37.4771695,18
Skewness,Skew-Normal,2.5,NA,1.01162908,0.930321417,0.2,2.8537,WSD,0.5,21.7078,25.48886006,14
Skewness,Skew-Normal,2.5,NA,0.997629828,0.853049905,0.2,2.8537,SC,0.5,207.0844,346.7758028,82
Skewness,Skew-Normal,2.5,NA,0.986193652,0.841906086,0.3,2.9286,EWMA,0.5,40.6214,61.25629352,23
Skewness,Skew-Normal,2.5,NA,0.990999153,0.810704455,0.3,2.9286,WV,0.5,29.1994,39.48396811,17
Skewness,Skew-Normal,2.5,NA,0.993181725,0.953430398,0.3,2.9286,WSD,0.5,22.5865,29.17087952,14
Skewness,Skew-Normal,2.5,NA,1.019079034,0.924694814,0.3,2.9286,SC,0.5,264.8863,409.3350326,108.5
Skewness,Skew-Normal,2.5,NA,0.999170733,0.918606962,0.1,2.6952,EWMA,0.75,15.6934,12.69159975,12
Skewness,Skew-Normal,2.5,NA,0.967151076,0.668817666,0.1,2.6952,WV,0.75,13.3172,9.719291673,11
Skewness,Skew-Normal,2.5,NA,1.006746597,0.908505501,0.1,2.6952,WSD,0.75,11.7762,8.451713241,10
Skewness,Skew-Normal,2.5,NA,0.987203632,0.894209585,0.1,2.6952,SC,0.75,37.2912,50.00689824,24
Skewness,Skew-Normal,2.5,NA,1.000745532,0.953748753,0.2,2.8537,EWMA,0.75,17.3941,19.07089812,12
Skewness,Skew-Normal,2.5,NA,0.984948176,0.87545843,0.2,2.8537,WV,0.75,14.323,14.21066027,10
Skewness,Skew-Normal,2.5,NA,0.965441077,0.784224067,0.2,2.8537,WSD,0.75,12.0451,10.83111247,9
Skewness,Skew-Normal,2.5,NA,0.996691153,0.896153728,0.2,2.8537,SC,0.75,68.0639,124.0628171,33
Skewness,Skew-Normal,2.5,NA,0.997138235,0.884487092,0.3,2.9286,EWMA,0.75,19.7332,24.10859889,13
Skewness,Skew-Normal,2.5,NA,1.006850396,0.865520345,0.3,2.9286,WV,0.75,15.142,15.98040592,10
Skewness,Skew-Normal,2.5,NA,0.992360332,0.903052792,0.3,2.9286,WSD,0.75,12.669,13.02902969,9
Skewness,Skew-Normal,2.5,NA,0.994164411,0.847820405,0.3,2.9286,SC,0.75,96.8147,178.8445825,42
Skewness,Skew-Normal,2.5,NA,0.97648467,0.788220839,0.1,2.6952,EWMA,1,10.0848,5.934941559,9
Skewness,Skew-Normal,2.5,NA,1.009802023,0.888230535,0.1,2.6952,WV,1,8.9348,5.327606151,8
Skewness,Skew-Normal,2.5,NA,0.962496528,0.727787166,0.1,2.6952,WSD,1,8.1052,4.618578362,7
Skewness,Skew-Normal,2.5,NA,0.981245487,0.790837509,0.1,2.6952,SC,1,18.5532,13.88114687,15
Skewness,Skew-Normal,2.5,NA,0.983971952,0.880719227,0.2,2.8537,EWMA,1,10.4959,8.836299633,8
Skewness,Skew-Normal,2.5,NA,0.993084398,0.819044989,0.2,2.8537,WV,1,8.8616,6.805077248,7
Skewness,Skew-Normal,2.5,NA,0.983696648,0.826855462,0.2,2.8537,WSD,1,7.6436,5.747963374,6
Skewness,Skew-Normal,2.5,NA,0.987048548,0.88288049,0.2,2.8537,SC,1,26.8984,36.71259537,17
Skewness,Skew-Normal,2.5,NA,0.961802372,0.724307561,0.3,2.9286,EWMA,1,11.5301,11.01151304,8
Skewness,Skew-Normal,2.5,NA,0.969877943,0.793370103,0.3,2.9286,WV,1,9.4461,8.950726582,7
Skewness,Skew-Normal,2.5,NA,1.031872336,1.036691235,0.3,2.9286,WSD,1,7.7311,6.384784204,6
Skewness,Skew-Normal,2.5,NA,1.007216668,0.904609775,0.3,2.9286,SC,1,41.6632,74.39436012,22
Skewness,Skew-Normal,2.5,NA,0.995662294,0.804291505,0.1,2.6952,EWMA,1.5,5.8206,2.371113211,5
Skewness,Skew-Normal,2.5,NA,0.976287786,0.773825628,0.1,2.6952,WV,1.5,5.2675,2.166520974,5
Skewness,Skew-Normal,2.5,NA,1.027176252,1.068057857,0.1,2.6952,WSD,1.5,4.8534,1.956755306,5
Skewness,Skew-Normal,2.5,NA,0.973227156,0.798449757,0.1,2.6952,SC,1.5,9.0376,3.848047165,8
Skewness,Skew-Normal,2.5,NA,0.952559407,0.662793388,0.2,2.8537,EWMA,1.5,5.4066,2.919028693,5
Skewness,Skew-Normal,2.5,NA,0.991785221,0.832627865,0.2,2.8537,WV,1.5,4.8128,2.509538989,4
Skewness,Skew-Normal,2.5,NA,1.012044591,0.938718382,0.2,2.8537,WSD,1.5,4.2687,2.173424185,4
Skewness,Skew-Normal,2.5,NA,1.043144793,1.050253766,0.2,2.8537,SC,1.5,9.7931,6.858848064,8
Skewness,Skew-Normal,2.5,NA,1.001563912,0.991261057,0.3,2.9286,EWMA,1.5,5.4112,3.545979689,5
Skewness,Skew-Normal,2.5,NA,0.983876136,0.793285785,0.3,2.9286,WV,1.5,4.7991,3.010921081,4
Skewness,Skew-Normal,2.5,NA,1.051127695,1.148870565,0.3,2.9286,WSD,1.5,4.2076,2.587155113,4
Skewness,Skew-Normal,2.5,NA,0.985750033,0.817493087,0.3,2.9286,SC,1.5,11.603,10.97921879,9
Skewness,Skew-Normal,3,NA,1.012236194,0.952302684,0.1,2.6952,EWMA,0.25,110.2165,196.329256,50
Skewness,Skew-Normal,3,NA,0.968419086,0.814362664,0.1,2.6952,WV,0.25,80.2724,135.3644604,40
Skewness,Skew-Normal,3,NA,1.002244846,0.879711584,0.1,2.6952,WSD,0.25,59.7623,101.9121053,33
Skewness,Skew-Normal,3,NA,1.009436253,0.92555585,0.1,2.6952,SC,0.25,290.8594,377.315293,151
Skewness,Skew-Normal,3,NA,1.002739303,0.996491416,0.2,2.8537,EWMA,0.25,104.3437,177.5542935,50
Skewness,Skew-Normal,3,NA,1.016768793,0.901824731,0.2,2.8537,WV,0.25,71.1533,114.6717566,37
Skewness,Skew-Normal,3,NA,0.991699656,0.828536234,0.2,2.8537,WSD,0.25,53.5492,81.86163272,30
Skewness,Skew-Normal,3,NA,0.972583523,0.703076794,0.2,2.8537,SC,0.25,371.2606,473.2972938,187
Skewness,Skew-Normal,3,NA,0.946360154,0.737230413,0.3,2.9286,EWMA,0.25,96.6087,156.1908254,48
Skewness,Skew-Normal,3,NA,1.024242497,1.022929429,0.3,2.9286,WV,0.25,67.4365,102.171282,36
Skewness,Skew-Normal,3,NA,1.010083183,0.923509096,0.3,2.9286,WSD,0.25,47.8017,68.31492714,27
Skewness,Skew-Normal,3,NA,1.011620677,0.950532316,0.3,2.9286,SC,0.25,469.0982,563.1955336,233
Skewness,Skew-Normal,3,NA,1.005509016,0.935067675,0.1,2.6952,EWMA,0.5,31.9921,42.44554158,21
Skewness,Skew-Normal,3,NA,1.00219322,0.88969821,0.1,2.6952,WV,0.5,26.1274,28.46825975,18
Skewness,Skew-Normal,3,NA,0.9939089,0.84861387,0.1,2.6952,WSD,0.5,21.7096,21.90080438,15
Skewness,Skew-Normal,3,NA,0.96863075,0.823619782,0.1,2.6952,SC,0.5,118.9917,216.579061,53
Skewness,Skew-Normal,3,NA,0.975503002,0.809624664,0.2,2.8537,EWMA,0.5,36.9284,50.81414647,22
Skewness,Skew-Normal,3,NA,0.97713873,0.78349091,0.2,2.8537,WV,0.5,27.4342,34.5763622,17
Skewness,Skew-Normal,3,NA,1.030402575,1.038414489,0.2,2.8537,WSD,0.5,21.7585,25.02812055,14
Skewness,Skew-Normal,3,NA,1.004350019,0.878495484,0.2,2.8537,SC,0.5,204.7741,342.1098616,84
Skewness,Skew-Normal,3,NA,0.993887133,0.888562287,0.3,2.9286,EWMA,0.5,40.3835,58.15376698,23
Skewness,Skew-Normal,3,NA,0.973448412,0.780908422,0.3,2.9286,WV,0.5,29.5736,39.03173236,18
Skewness,Skew-Normal,3,NA,0.95890412,0.748311249,0.3,2.9286,WSD,0.5,22.6822,26.44321326,14
Skewness,Skew-Normal,3,NA,0.996702408,0.891872848,0.3,2.9286,SC,0.5,260.5487,402.4588259,106.5
Skewness,Skew-Normal,3,NA,1.010818873,0.957666975,0.1,2.6952,EWMA,0.75,15.6841,12.13146423,12
Skewness,Skew-Normal,3,NA,0.988289361,0.815488789,0.1,2.6952,WV,0.75,13.441,9.996034767,11
Skewness,Skew-Normal,3,NA,1.014383206,0.939458745,0.1,2.6952,WSD,0.75,11.8377,8.425108721,10
Skewness,Skew-Normal,3,NA,0.988102809,0.828511308,0.1,2.6952,SC,0.75,37.7097,56.00589515,24
Skewness,Skew-Normal,3,NA,0.987909298,0.802367042,0.2,2.8537,EWMA,0.75,17.09,17.4429678,12
Skewness,Skew-Normal,3,NA,0.982305248,0.807748803,0.2,2.8537,WV,0.75,14.1208,13.36082552,10
Skewness,Skew-Normal,3,NA,0.965962154,0.756757346,0.2,2.8537,WSD,0.75,11.864,10.63845015,9
Skewness,Skew-Normal,3,NA,0.956237871,0.73617963,0.2,2.8537,SC,0.75,62.2948,109.4816264,31
Skewness,Skew-Normal,3,NA,0.984276054,0.818817146,0.3,2.9286,EWMA,0.75,20.0341,23.85441763,12.5
Skewness,Skew-Normal,3,NA,1.012277183,0.94449956,0.3,2.9286,WV,0.75,15.3028,16.80944877,10
Skewness,Skew-Normal,3,NA,0.976047207,0.773274364,0.3,2.9286,WSD,0.75,12.472,12.64707124,9
Skewness,Skew-Normal,3,NA,1.00377814,0.845995419,0.3,2.9286,SC,0.75,98.0182,179.4074485,43
Skewness,Skew-Normal,3,NA,0.964645242,0.780169767,0.1,2.6952,EWMA,1,10.0189,5.92012226,9
Skewness,Skew-Normal,3,NA,0.941930341,0.633781589,0.1,2.6952,WV,1,9.0142,5.13126021,8
Skewness,Skew-Normal,3,NA,0.97681411,0.817489126,0.1,2.6952,WSD,1,8.1148,4.563124277,7
Skewness,Skew-Normal,3,NA,1.019144454,0.968958887,0.1,2.6952,SC,1,18.905,15.48996995,15
Skewness,Skew-Normal,3,NA,1.03344484,1.090152905,0.2,2.8537,EWMA,1,10.289,8.143752886,8
Skewness,Skew-Normal,3,NA,0.993639715,0.878544008,0.2,2.8537,WV,1,8.9161,6.763537191,7
Skewness,Skew-Normal,3,NA,0.98372531,0.798872616,0.2,2.8537,WSD,1,7.854,5.96218406,6
Skewness,Skew-Normal,3,NA,1.010735954,0.966288889,0.2,2.8537,SC,1,27.7511,37.16919563,17
Skewness,Skew-Normal,3,NA,0.997002792,0.852725896,0.3,2.9286,EWMA,1,11.454,11.18488239,8
Skewness,Skew-Normal,3,NA,0.955003451,0.69605131,0.3,2.9286,WV,1,9.3654,8.443045146,7
Skewness,Skew-Normal,3,NA,1.01001485,0.949313928,0.3,2.9286,WSD,1,7.9829,6.676336191,6
Skewness,Skew-Normal,3,NA,0.99717163,0.845242044,0.3,2.9286,SC,1,41.1713,71.96400099,21
Skewness,Skew-Normal,3,NA,1.001251369,0.85164479,0.1,2.6952,EWMA,1.5,5.8816,2.387708432,6
Skewness,Skew-Normal,3,NA,1.001052566,0.914365098,0.1,2.6952,WV,1.5,5.3513,2.167385076,5
Skewness,Skew-Normal,3,NA,0.958184428,0.684702283,0.1,2.6952,WSD,1.5,4.8375,1.937438803,5
Skewness,Skew-Normal,3,NA,0.984864478,0.792588281,0.1,2.6952,SC,1.5,9.0285,3.859504803,8
Skewness,Skew-Normal,3,NA,0.952443042,0.706234359,0.2,2.8537,EWMA,1.5,5.3798,2.905545763,5
Skewness,Skew-Normal,3,NA,1.0033262,0.867157932,0.2,2.8537,WV,1.5,4.8249,2.560526434,4
Skewness,Skew-Normal,3,NA,1.023718352,1.001729943,0.2,2.8537,WSD,1.5,4.3165,2.193492396,4
Skewness,Skew-Normal,3,NA,1.011420505,0.957529056,0.2,2.8537,SC,1.5,9.6983,6.583632093,8
Skewness,Skew-Normal,3,NA,0.98834576,0.828263138,0.3,2.9286,EWMA,1.5,5.4521,3.624971673,5
Skewness,Skew-Normal,3,NA,1.004715953,0.926223305,0.3,2.9286,WV,1.5,4.7984,2.993769147,4
Skewness,Skew-Normal,3,NA,1.010972203,0.887666409,0.3,2.9286,WSD,1.5,4.2284,2.56731232,4
Skewness,Skew-Normal,3,NA,1.013974887,0.970953767,0.3,2.9286,SC,1.5,11.9129,11.54238434,9
Skewness,Skew-Student-t,0.5,4,0.404980701,4.018173816,0.1,2.6952,EWMA,0.25,96.9981,147.8792485,52
Skewness,Skew-Student-t,0.5,4,0.446720864,5.328849366,0.1,2.6952,WV,0.25,94.3092,147.6863268,48
Skewness,Skew-Student-t,0.5,4,0.414601975,4.598559401,0.1,2.6952,WSD,0.25,87.2832,126.7088699,47
Skewness,Skew-Student-t,0.5,4,0.231897097,3.846916927,0.1,2.6952,SC,0.25,132.1115,192.5363786,69
Skewness,Skew-Student-t,0.5,4,0.598381357,4.655508956,0.2,2.8537,EWMA,0.25,97.5268,138.9370873,53
Skewness,Skew-Student-t,0.5,4,0.516663775,4.566557517,0.2,2.8537,WV,0.25,90.196,134.7636988,48
Skewness,Skew-Student-t,0.5,4,0.549062367,4.001692722,0.2,2.8537,WSD,0.25,81.7178,116.5068219,46
Skewness,Skew-Student-t,0.5,4,0.270419777,4.779497824,0.2,2.8537,SC,0.25,136.7306,187.098581,74
Skewness,Skew-Student-t,0.5,4,0.458496514,5.069061723,0.3,2.9286,EWMA,0.25,85.981,112.9940592,50
Skewness,Skew-Student-t,0.5,4,0.560533717,3.737035669,0.3,2.9286,WV,0.25,84.4315,115.0589534,48
Skewness,Skew-Student-t,0.5,4,0.708142918,6.83905317,0.3,2.9286,WSD,0.25,77.139,101.9900234,44
Skewness,Skew-Student-t,0.5,4,0.452952059,4.10182816,0.3,2.9286,SC,0.25,133.1887,167.3869927,79
Skewness,Skew-Student-t,0.5,4,0.441182661,3.819048886,0.1,2.6952,EWMA,0.5,31.0146,37.54932732,21
Skewness,Skew-Student-t,0.5,4,0.518966912,6.631166279,0.1,2.6952,WV,0.5,30.1891,39.37601539,20
Skewness,Skew-Student-t,0.5,4,0.371914481,3.8722633,0.1,2.6952,WSD,0.5,28.0798,35.07036962,19
Skewness,Skew-Student-t,0.5,4,0.49702732,4.232976829,0.1,2.6952,SC,0.5,61.408,90.10844072,35
Skewness,Skew-Student-t,0.5,4,0.422660574,3.84600269,0.2,2.8537,EWMA,0.5,37.8202,51.31394532,23
Skewness,Skew-Student-t,0.5,4,0.518348573,4.146202432,0.2,2.8537,WV,0.5,36.4105,50.43782298,22
Skewness,Skew-Student-t,0.5,4,0.479501759,5.448021819,0.2,2.8537,WSD,0.5,33.7024,47.29592503,21
Skewness,Skew-Student-t,0.5,4,0.401422661,3.992187126,0.2,2.8537,SC,0.5,74.3257,112.6169538,40
Skewness,Skew-Student-t,0.5,4,0.352955703,3.824563057,0.3,2.9286,EWMA,0.5,43.8608,58.46196886,26
Skewness,Skew-Student-t,0.5,4,0.411411925,3.732908749,0.3,2.9286,WV,0.5,41.0044,56.34016509,24
Skewness,Skew-Student-t,0.5,4,0.488760342,5.110310597,0.3,2.9286,WSD,0.5,38.5107,51.83320706,23
Skewness,Skew-Student-t,0.5,4,0.419046935,3.286526344,0.3,2.9286,SC,0.5,85.8792,126.1685375,47
Skewness,Skew-Student-t,0.5,4,0.364627401,3.852677139,0.1,2.6952,EWMA,0.75,14.9472,11.83221925,12
Skewness,Skew-Student-t,0.5,4,0.625440487,7.07664023,0.1,2.6952,WV,0.75,14.3621,10.5369771,12
Skewness,Skew-Student-t,0.5,4,0.442641192,4.01568282,0.1,2.6952,WSD,0.75,14.028,10.57588771,11
Skewness,Skew-Student-t,0.5,4,-0.024508655,11.09728905,0.1,2.6952,SC,0.75,14.7678,10.97852157,12
Skewness,Skew-Student-t,0.5,4,0.287132115,3.903371388,0.2,2.8537,EWMA,0.75,17.4271,18.35106977,12
Skewness,Skew-Student-t,0.5,4,0.507028412,3.847834625,0.2,2.8537,WV,0.75,16.4705,16.65531356,12
Skewness,Skew-Student-t,0.5,4,0.568516136,5.132835706,0.2,2.8537,WSD,0.75,15.583,16.0915818,11
Skewness,Skew-Student-t,0.5,4,0.386113043,3.660256706,0.2,2.8537,SC,0.75,29.7488,38.47508456,18
Skewness,Skew-Student-t,0.5,4,0.726155928,10.57607674,0.3,2.9286,EWMA,0.75,21.583,28.83220839,13
Skewness,Skew-Student-t,0.5,4,0.398708986,3.170509751,0.3,2.9286,WV,0.75,19.7623,24.56400492,13
Skewness,Skew-Student-t,0.5,4,0.530829155,5.273792197,0.3,2.9286,WSD,0.75,19.2716,22.10290676,12
Skewness,Skew-Student-t,0.5,4,0.46389167,5.708447994,0.3,2.9286,SC,0.75,43.9661,63.8174664,25
Skewness,Skew-Student-t,0.5,4,0.316565652,3.351832565,0.1,2.6952,EWMA,1,9.4036,5.084790315,8
Skewness,Skew-Student-t,0.5,4,0.364679135,3.726831054,0.1,2.6952,WV,1,9.3195,5.448540025,8
Skewness,Skew-Student-t,0.5,4,0.554851794,4.533795446,0.1,2.6952,WSD,1,9.0272,5.192548162,8
Skewness,Skew-Student-t,0.5,4,0.439374797,5.202944573,0.1,2.6952,SC,1,12.8645,7.947808284,11
Skewness,Skew-Student-t,0.5,4,0.444988512,4.796459318,0.2,2.8537,EWMA,1,10.0334,8.156122649,8
Skewness,Skew-Student-t,0.5,4,0.471536394,4.291366924,0.2,2.8537,WV,1,9.5243,7.763944706,8
Skewness,Skew-Student-t,0.5,4,1.268393707,21.63133505,0.2,2.8537,WSD,1,8.9532,6.62385064,7
Skewness,Skew-Student-t,0.5,4,0.579660072,5.050758335,0.2,2.8537,SC,1,17.9148,21.10641346,12
Skewness,Skew-Student-t,0.5,4,0.461623761,5.792414208,0.3,2.9286,EWMA,1,11.408,11.53042198,8
Skewness,Skew-Student-t,0.5,4,0.445806905,4.364329271,0.3,2.9286,WV,1,10.7216,10.08252246,8
Skewness,Skew-Student-t,0.5,4,0.409090862,4.930638646,0.3,2.9286,WSD,1,10.4663,10.84148597,8
Skewness,Skew-Student-t,0.5,4,0.365550977,3.457440876,0.3,2.9286,SC,1,18.8573,22.54778874,12
Skewness,Skew-Student-t,0.5,4,0.500523759,5.275734604,0.1,2.6952,EWMA,1.5,5.55,2.155635562,5
Skewness,Skew-Student-t,0.5,4,0.366045364,3.397407629,0.1,2.6952,WV,1.5,5.4367,2.145659222,5
Skewness,Skew-Student-t,0.5,4,0.52184082,4.718613019,0.1,2.6952,WSD,1.5,5.3153,2.081086015,5
Skewness,Skew-Student-t,0.5,4,0.620938681,5.029509958,0.1,2.6952,SC,1.5,7.5757,4.025529779,7
Skewness,Skew-Student-t,0.5,4,0.51804698,5.64417329,0.2,2.8537,EWMA,1.5,5.0321,2.521568048,4
Skewness,Skew-Student-t,0.5,4,0.529166225,5.159102075,0.2,2.8537,WV,1.5,4.8655,2.408856577,4
Skewness,Skew-Student-t,0.5,4,0.40329395,4.174362341,0.2,2.8537,WSD,1.5,4.7525,2.324431984,4
Skewness,Skew-Student-t,0.5,4,0.222225985,4.388822003,0.2,2.8537,SC,1.5,5.8369,3.049332424,5
Skewness,Skew-Student-t,0.5,4,0.573081806,4.322079332,0.3,2.9286,EWMA,1.5,5.1817,3.294172167,4
Skewness,Skew-Student-t,0.5,4,0.603583633,5.756422814,0.3,2.9286,WV,1.5,4.8897,2.956621056,4
Skewness,Skew-Student-t,0.5,4,0.416363171,3.959523887,0.3,2.9286,WSD,1.5,4.7746,2.808911504,4
Skewness,Skew-Student-t,0.5,4,0.640968803,5.830031257,0.3,2.9286,SC,1.5,8.8582,8.036538518,7
Skewness,Skew-Student-t,1,4,1.001784736,5.775349087,0.1,2.6952,EWMA,0.25,97.7533,155.8208255,49
Skewness,Skew-Student-t,1,4,1.390870244,11.90832997,0.1,2.6952,WV,0.25,84.8198,136.1229528,43
Skewness,Skew-Student-t,1,4,1.228142043,7.512010682,0.1,2.6952,WSD,0.25,70.9459,108.2620997,38
Skewness,Skew-Student-t,1,4,0.791548467,3.524172922,0.1,2.6952,SC,0.25,204.0751,270.5755458,111
Skewness,Skew-Student-t,1,4,0.798250304,4.191580654,0.2,2.8537,EWMA,0.25,91.5,131.527308,50
Skewness,Skew-Student-t,1,4,1.001807998,5.876873825,0.2,2.8537,WV,0.25,75.7589,109.1565714,42
Skewness,Skew-Student-t,1,4,0.816200919,3.720924958,0.2,2.8537,WSD,0.25,65.3226,88.4519299,36
Skewness,Skew-Student-t,1,4,0.878604734,4.082479717,0.2,2.8537,SC,0.25,166.7107,213.5044464,98
Skewness,Skew-Student-t,1,4,1.059391208,6.910730847,0.3,2.9286,EWMA,0.25,83.875,114.7709737,48
Skewness,Skew-Student-t,1,4,0.855393258,4.074677079,0.3,2.9286,WV,0.25,72.0992,97.57621365,40
Skewness,Skew-Student-t,1,4,0.868949379,4.682078288,0.3,2.9286,WSD,0.25,65.5473,85.21907411,38
Skewness,Skew-Student-t,1,4,0.947243773,4.728273578,0.3,2.9286,SC,0.25,131.4177,162.9360035,78
Skewness,Skew-Student-t,1,4,1.310818521,16.0644118,0.1,2.6952,EWMA,0.5,30.9346,39.6364785,21
Skewness,Skew-Student-t,1,4,1.023528096,6.758789318,0.1,2.6952,WV,0.5,28.2541,34.55881312,19
Skewness,Skew-Student-t,1,4,1.015382366,5.539575834,0.1,2.6952,WSD,0.5,25.8558,37.45910203,17
Skewness,Skew-Student-t,1,4,0.840902301,3.777419732,0.1,2.6952,SC,0.5,92.872,159.3812262,46
Skewness,Skew-Student-t,1,4,0.806855479,4.752694935,0.2,2.8537,EWMA,0.5,36.8084,51.42431269,21
Skewness,Skew-Student-t,1,4,0.953070363,5.767813204,0.2,2.8537,WV,0.5,32.4559,41.49943946,20
Skewness,Skew-Student-t,1,4,0.999936181,5.05898499,0.2,2.8537,WSD,0.5,27.1741,32.34308267,17
Skewness,Skew-Student-t,1,4,0.915458227,4.761651128,0.2,2.8537,SC,0.5,124.68,188.2795011,63
Skewness,Skew-Student-t,1,4,0.882501596,4.92224043,0.3,2.9286,EWMA,0.5,41.0282,54.68516299,23
Skewness,Skew-Student-t,1,4,0.810627088,4.420732679,0.3,2.9286,WV,0.5,35.6924,50.79868928,21
Skewness,Skew-Student-t,1,4,1.130400171,7.906375621,0.3,2.9286,WSD,0.5,30.653,39.13814214,18
Skewness,Skew-Student-t,1,4,0.820499719,3.12711118,0.3,2.9286,SC,0.5,119.7251,167.197573,65
Skewness,Skew-Student-t,1,4,0.859458355,3.976796901,0.1,2.6952,EWMA,0.75,15.027,13.53056461,12
Skewness,Skew-Student-t,1,4,0.903863635,5.634196632,0.1,2.6952,WV,0.75,14.2841,11.98725809,11
Skewness,Skew-Student-t,1,4,1.360949211,16.18110374,0.1,2.6952,WSD,0.75,13.1645,10.47946667,11
Skewness,Skew-Student-t,1,4,0.770341652,8.134064572,0.1,2.6952,SC,0.75,31.1693,45.64350962,21
Skewness,Skew-Student-t,1,4,1.055054818,5.892526057,0.2,2.8537,EWMA,0.75,17.4614,19.33800677,12
Skewness,Skew-Student-t,1,4,0.837076128,4.130521504,0.2,2.8537,WV,0.75,15.9027,18.26206952,11
Skewness,Skew-Student-t,1,4,0.962466307,4.592158626,0.2,2.8537,WSD,0.75,13.8067,13.3216396,10
Skewness,Skew-Student-t,1,4,0.901411588,4.350479747,0.2,2.8537,SC,0.75,54.9786,89.51425709,29
Skewness,Skew-Student-t,1,4,0.99798294,6.482317672,0.3,2.9286,EWMA,0.75,20.9461,26.14893825,13
Skewness,Skew-Student-t,1,4,1.022286655,6.116193382,0.3,2.9286,WV,0.75,18.2703,22.33399916,12
Skewness,Skew-Student-t,1,4,0.842241633,3.782426788,0.3,2.9286,WSD,0.75,15.7264,17.20458494,10
Skewness,Skew-Student-t,1,4,0.776903749,3.896621319,0.3,2.9286,SC,0.75,62.814,94.29974575,34
Skewness,Skew-Student-t,1,4,0.810157262,4.156646657,0.1,2.6952,EWMA,1,9.6574,5.648859726,8
Skewness,Skew-Student-t,1,4,0.943385661,5.420645815,0.1,2.6952,WV,1,8.9981,5.136509979,8
Skewness,Skew-Student-t,1,4,1.657599455,21.90538418,0.1,2.6952,WSD,1,8.4027,4.674047216,7
Skewness,Skew-Student-t,1,4,1.023483648,5.189855284,0.1,2.6952,SC,1,18.017,24.36456596,14
Skewness,Skew-Student-t,1,4,0.929917302,4.779411682,0.2,2.8537,EWMA,1,10.1653,8.621740506,8
Skewness,Skew-Student-t,1,4,1.021691322,5.763927869,0.2,2.8537,WV,1,9.1015,6.954914438,7
Skewness,Skew-Student-t,1,4,0.902621445,4.305477104,0.2,2.8537,WSD,1,8.5259,6.500119564,7
Skewness,Skew-Student-t,1,4,1.082562321,5.867249845,0.2,2.8537,SC,1,28.5915,48.83670679,17
Skewness,Skew-Student-t,1,4,1.000476757,5.806149211,0.3,2.9286,EWMA,1,11.6124,12.16619776,8
Skewness,Skew-Student-t,1,4,1.214474011,8.850988231,0.3,2.9286,WV,1,10.239,10.3636779,7
Skewness,Skew-Student-t,1,4,0.738287016,3.836629164,0.3,2.9286,WSD,1,9.6081,21.91543618,7
Skewness,Skew-Student-t,1,4,0.959269951,4.873082974,0.3,2.9286,SC,1,38.1603,61.71419665,21
Skewness,Skew-Student-t,1,4,0.948850944,4.87657695,0.1,2.6952,EWMA,1.5,5.5282,2.168841891,5
Skewness,Skew-Student-t,1,4,0.939749687,5.470619121,0.1,2.6952,WV,1.5,5.2904,2.103974931,5
Skewness,Skew-Student-t,1,4,0.846425302,3.699621555,0.1,2.6952,WSD,1.5,5.0417,1.98951173,5
Skewness,Skew-Student-t,1,4,0.815354798,3.163837393,0.1,2.6952,SC,1.5,8.1241,3.419863848,8
Skewness,Skew-Student-t,1,4,0.856754317,4.708575898,0.2,2.8537,EWMA,1.5,5.0832,2.574323304,5
Skewness,Skew-Student-t,1,4,0.943958995,4.770363476,0.2,2.8537,WV,1.5,4.7969,2.408283699,4
Skewness,Skew-Student-t,1,4,0.878437666,5.1338209,0.2,2.8537,WSD,1.5,4.5764,2.264967118,4
Skewness,Skew-Student-t,1,4,0.939541182,4.633677449,0.2,2.8537,SC,1.5,9.0225,6.404927483,7
Skewness,Skew-Student-t,1,4,1.072118997,6.556100513,0.3,2.9286,EWMA,1.5,5.1522,3.361274308,4
Skewness,Skew-Student-t,1,4,0.970236589,5.815348869,0.3,2.9286,WV,1.5,4.7678,2.976838813,4
Skewness,Skew-Student-t,1,4,0.823226301,3.124289222,0.3,2.9286,WSD,1.5,4.4859,2.782620256,4
Skewness,Skew-Student-t,1,4,0.905772218,4.231850282,0.3,2.9286,SC,1.5,11.0591,11.91112903,8
Skewness,Skew-Student-t,1.5,4,1.502227467,6.223451803,0.1,2.6952,EWMA,0.25,91.0919,145.8332671,45
Skewness,Skew-Student-t,1.5,4,1.331765212,4.707737216,0.1,2.6952,WV,0.25,71.0376,110.5178339,38
Skewness,Skew-Student-t,1.5,4,1.713492739,8.396393821,0.1,2.6952,WSD,0.25,57.0166,92.81017454,31
Skewness,Skew-Student-t,1.5,4,1.363426588,4.356869105,0.1,2.6952,SC,0.25,196.3908,249.0521282,112
Skewness,Skew-Student-t,1.5,4,1.363969357,4.452146892,0.2,2.8537,EWMA,0.25,82.3514,124.5459862,44
Skewness,Skew-Student-t,1.5,4,1.355528022,4.264883345,0.2,2.8537,WV,0.25,63.7018,95.54530636,35
Skewness,Skew-Student-t,1.5,4,1.611194099,7.505630753,0.2,2.8537,WSD,0.25,48.0051,70.09011012,27
Skewness,Skew-Student-t,1.5,4,1.364252188,4.475982122,0.2,2.8537,SC,0.25,163.6914,199.2846141,97
Skewness,Skew-Student-t,1.5,4,1.405094096,5.984596701,0.3,2.9286,EWMA,0.25,72.2818,101.2126434,41
Skewness,Skew-Student-t,1.5,4,1.459911475,5.500749566,0.3,2.9286,WV,0.25,54.7378,75.11692157,31
Skewness,Skew-Student-t,1.5,4,1.403473988,5.081457598,0.3,2.9286,WSD,0.25,44.1749,57.99044748,26
Skewness,Skew-Student-t,1.5,4,1.333422381,4.286375366,0.3,2.9286,SC,0.25,138.8021,180.8619646,80
Skewness,Skew-Student-t,1.5,4,1.428054622,5.219612485,0.1,2.6952,EWMA,0.5,31.2922,41.18451451,20
Skewness,Skew-Student-t,1.5,4,1.275021939,4.136434399,0.1,2.6952,WV,0.5,25.9469,31.56526441,17
Skewness,Skew-Student-t,1.5,4,1.584298558,9.384536488,0.1,2.6952,WSD,0.5,21.8016,23.53072899,15
Skewness,Skew-Student-t,1.5,4,1.554859199,6.266127786,0.1,2.6952,SC,0.5,137.6238,233.9903443,62.5
Skewness,Skew-Student-t,1.5,4,1.614431846,8.885079079,0.2,2.8537,EWMA,0.5,35.2058,47.84368243,21
Skewness,Skew-Student-t,1.5,4,1.389143909,5.191589902,0.2,2.8537,WV,0.5,27.5432,34.60381014,17
Skewness,Skew-Student-t,1.5,4,1.490310259,5.43762684,0.2,2.8537,WSD,0.5,21.304,24.23739526,14
Skewness,Skew-Student-t,1.5,4,1.337781377,4.423882012,0.2,2.8537,SC,0.5,154.5296,236.7723646,75
Skewness,Skew-Student-t,1.5,4,1.444683435,5.347029541,0.3,2.9286,EWMA,0.5,36.1043,45.46552466,22
Skewness,Skew-Student-t,1.5,4,1.522131156,6.323470847,0.3,2.9286,WV,0.5,28.4804,36.27267272,17
Skewness,Skew-Student-t,1.5,4,1.758086119,11.43522071,0.3,2.9286,WSD,0.5,22.4862,27.65010059,14
Skewness,Skew-Student-t,1.5,4,1.440633323,5.455456504,0.3,2.9286,SC,0.5,157.0771,222.069664,82
Skewness,Skew-Student-t,1.5,4,1.348507322,4.71762047,0.1,2.6952,EWMA,0.75,15.2615,13.0161077,12
Skewness,Skew-Student-t,1.5,4,1.643352673,8.844188856,0.1,2.6952,WV,0.75,13.2707,10.88262214,11
Skewness,Skew-Student-t,1.5,4,1.481766117,5.970676793,0.1,2.6952,WSD,0.75,11.6274,8.725570629,9
Skewness,Skew-Student-t,1.5,4,1.500457284,5.98669876,0.1,2.6952,SC,0.75,45.8921,73.91025321,27
Skewness,Skew-Student-t,1.5,4,1.535865559,6.818442369,0.2,2.8537,EWMA,0.75,17.2277,18.60350671,12
Skewness,Skew-Student-t,1.5,4,1.442770245,6.313295803,0.2,2.8537,WV,0.75,14.5098,16.5937711,10
Skewness,Skew-Student-t,1.5,4,1.406666999,4.937602064,0.2,2.8537,WSD,0.75,11.9302,11.38574949,9
Skewness,Skew-Student-t,1.5,4,1.395383406,4.746236287,0.2,2.8537,SC,0.75,73.4278,132.6686914,35
Skewness,Skew-Student-t,1.5,4,1.399813674,5.084751078,0.3,2.9286,EWMA,0.75,19.7363,24.40766141,12
Skewness,Skew-Student-t,1.5,4,1.441469107,5.196305547,0.3,2.9286,WV,0.75,15.4401,16.76658355,10
Skewness,Skew-Student-t,1.5,4,1.425512348,5.012003065,0.3,2.9286,WSD,0.75,12.2599,13.08715704,8
Skewness,Skew-Student-t,1.5,4,1.348367532,4.526399745,0.3,2.9286,SC,0.75,88.3564,141.0915365,43
Skewness,Skew-Student-t,1.5,4,1.952453928,16.46912035,0.1,2.6952,EWMA,1,9.8686,5.867297211,9
Skewness,Skew-Student-t,1.5,4,1.465990691,5.936750276,0.1,2.6952,WV,1,8.6806,5.224970208,8
Skewness,Skew-Student-t,1.5,4,1.413842599,5.434858247,0.1,2.6952,WSD,1,7.9148,4.471771532,7
Skewness,Skew-Student-t,1.5,4,1.622140933,8.035237251,0.1,2.6952,SC,1,21.5865,24.23966324,16
Skewness,Skew-Student-t,1.5,4,1.59480762,10.07855459,0.2,2.8537,EWMA,1,10.1199,8.725659729,8
Skewness,Skew-Student-t,1.5,4,1.343479499,4.294586248,0.2,2.8537,WV,1,8.6447,6.8333836,7
Skewness,Skew-Student-t,1.5,4,1.319750024,4.093284662,0.2,2.8537,WSD,1,7.6266,5.612603903,6
Skewness,Skew-Student-t,1.5,4,1.526367976,6.30264914,0.2,2.8537,SC,1,35.0752,56.18148788,20
Skewness,Skew-Student-t,1.5,4,1.642723697,9.904103069,0.3,2.9286,EWMA,1,11.3894,11.59715556,8
Skewness,Skew-Student-t,1.5,4,1.648665511,9.014548844,0.3,2.9286,WV,1,9.4418,9.119338188,7
Skewness,Skew-Student-t,1.5,4,1.832393314,11.78388522,0.3,2.9286,WSD,1,7.93,6.936794066,6
Skewness,Skew-Student-t,1.5,4,1.388970384,4.533500843,0.3,2.9286,SC,1,44.6922,67.83998294,23
Skewness,Skew-Student-t,1.5,4,1.58651156,6.606062473,0.1,2.6952,EWMA,1.5,5.5453,2.255450424,5
Skewness,Skew-Student-t,1.5,4,1.348813851,5.034157913,0.1,2.6952,WV,1.5,5.1158,2.039266099,5
Skewness,Skew-Student-t,1.5,4,1.450848496,5.716386413,0.1,2.6952,WSD,1.5,4.644,1.866979529,4
Skewness,Skew-Student-t,1.5,4,1.423629463,5.063028296,0.1,2.6952,SC,1.5,9.5298,4.367175195,9
Skewness,Skew-Student-t,1.5,4,1.448817878,4.95764501,0.2,2.8537,EWMA,1.5,5.1611,2.743264358,5
Skewness,Skew-Student-t,1.5,4,1.517345152,5.887494782,0.2,2.8537,WV,1.5,4.563,2.313474922,4
Skewness,Skew-Student-t,1.5,4,1.569224086,6.882124984,0.2,2.8537,WSD,1.5,4.1354,2.093395584,4
Skewness,Skew-Student-t,1.5,4,1.48540725,6.109438132,0.2,2.8537,SC,1.5,11.0834,10.42150206,9
Skewness,Skew-Student-t,1.5,4,1.747077998,9.343506602,0.3,2.9286,EWMA,1.5,5.1759,3.354382861,4
Skewness,Skew-Student-t,1.5,4,1.197924175,3.227386211,0.3,2.9286,WV,1.5,4.604,2.983969572,4
Skewness,Skew-Student-t,1.5,4,1.743947411,8.846507534,0.3,2.9286,WSD,1.5,4.0456,2.464452879,3
Skewness,Skew-Student-t,1.5,4,1.557157997,6.59466699,0.3,2.9286,SC,1.5,15.3789,21.18334271,10
Skewness,Skew-Student-t,2,4,1.765928192,5.663085031,0.1,2.6952,EWMA,0.25,89.1406,163.2307271,43
Skewness,Skew-Student-t,2,4,1.831493647,6.154699422,0.1,2.6952,WV,0.25,60.3401,94.91082888,33
Skewness,Skew-Student-t,2,4,1.753040159,5.169785523,0.1,2.6952,WSD,0.25,45.0234,65.4807424,26
Skewness,Skew-Student-t,2,4,1.83483816,6.811998743,0.1,2.6952,SC,0.25,186.1687,237.5507375,105
Skewness,Skew-Student-t,2,4,1.768822916,6.030214501,0.2,2.8537,EWMA,0.25,73.978,114.8990309,39
Skewness,Skew-Student-t,2,4,1.777518176,5.967884106,0.2,2.8537,WV,0.25,50.3008,73.61187533,28
Skewness,Skew-Student-t,2,4,1.680158157,4.73764775,0.2,2.8537,WSD,0.25,35.8554,45.99243657,21
Skewness,Skew-Student-t,2,4,1.695785372,4.828170266,0.2,2.8537,SC,0.25,182.7221,232.976714,103
Skewness,Skew-Student-t,2,4,1.791288956,5.784914542,0.3,2.9286,EWMA,0.25,62.2541,85.49348775,35
Skewness,Skew-Student-t,2,4,2.05015952,11.17032632,0.3,2.9286,WV,0.25,43.1938,58.82692498,25
Skewness,Skew-Student-t,2,4,1.875168462,6.91126985,0.3,2.9286,WSD,0.25,32.9181,42.60701032,19
Skewness,Skew-Student-t,2,4,1.749011917,5.556607949,0.3,2.9286,SC,0.25,196.4695,272.3217149,107
Skewness,Skew-Student-t,2,4,1.680227094,4.70004162,0.1,2.6952,EWMA,0.5,29.9779,43.6678566,19
Skewness,Skew-Student-t,2,4,1.772798057,6.274185658,0.1,2.6952,WV,0.5,23.5808,28.36096095,16
Skewness,Skew-Student-t,2,4,1.708687553,4.883269213,0.1,2.6952,WSD,0.5,18.8037,20.14001808,13
Skewness,Skew-Student-t,2,4,1.847989718,6.270597561,0.1,2.6952,SC,0.5,138.3775,244.7306256,59
Skewness,Skew-Student-t,2,4,1.809651874,6.311715164,0.2,2.8537,EWMA,0.5,32.6663,47.34873319,19
Skewness,Skew-Student-t,2,4,1.80791253,6.584328537,0.2,2.8537,WV,0.5,23.9188,30.00325359,15
Skewness,Skew-Student-t,2,4,1.855141948,6.276005356,0.2,2.8537,WSD,0.5,18.3888,21.30684943,12
Skewness,Skew-Student-t,2,4,1.777953937,5.508568024,0.2,2.8537,SC,0.5,171.1759,278.5288312,75
Skewness,Skew-Student-t,2,4,1.830657942,6.497517691,0.3,2.9286,EWMA,0.5,32.3437,41.4030336,19
Skewness,Skew-Student-t,2,4,1.829485844,6.454359245,0.3,2.9286,WV,0.5,23.5038,29.70677759,14
Skewness,Skew-Student-t,2,4,1.686386871,4.989288555,0.3,2.9286,WSD,0.5,17.3266,19.59872301,11
Skewness,Skew-Student-t,2,4,2.065283792,12.21380285,0.3,2.9286,SC,0.5,173.6322,266.551991,82
Skewness,Skew-Student-t,2,4,1.822028316,5.876808258,0.1,2.6952,EWMA,0.75,15.0512,13.20365147,12
Skewness,Skew-Student-t,2,4,1.802992478,6.05466369,0.1,2.6952,WV,0.75,12.5521,11.18318344,10
Skewness,Skew-Student-t,2,4,1.849279555,6.806085135,0.1,2.6952,WSD,0.75,10.6126,8.507511917,9
Skewness,Skew-Student-t,2,4,1.740838474,5.263393733,0.1,2.6952,SC,0.75,47.2722,92.05986861,26
Skewness,Skew-Student-t,2,4,1.855514527,6.496901665,0.2,2.8537,EWMA,0.75,16.5283,19.11580865,11
Skewness,Skew-Student-t,2,4,1.715731416,5.487023279,0.2,2.8537,WV,0.75,12.9666,12.72118184,9
Skewness,Skew-Student-t,2,4,1.804056627,5.75227841,0.2,2.8537,WSD,0.75,10.2617,9.987060992,8
Skewness,Skew-Student-t,2,4,1.97591764,8.541286819,0.2,2.8537,SC,0.75,76.2175,140.9843681,35
Skewness,Skew-Student-t,2,4,1.838935989,6.219248134,0.3,2.9286,EWMA,0.75,18.0458,20.79279049,11
Skewness,Skew-Student-t,2,4,2.125354115,11.78914367,0.3,2.9286,WV,0.75,13.3776,14.23217038,9
Skewness,Skew-Student-t,2,4,2.423686033,23.37410415,0.3,2.9286,WSD,0.75,10.443,11.04102085,7
Skewness,Skew-Student-t,2,4,1.97069671,7.803353575,0.3,2.9286,SC,0.75,87.0367,143.7151146,42
Skewness,Skew-Student-t,2,4,1.8625563,6.492700129,0.1,2.6952,EWMA,1,9.685,6.044851448,8
Skewness,Skew-Student-t,2,4,1.756186082,5.416532699,0.1,2.6952,WV,1,8.2753,4.953863541,7
Skewness,Skew-Student-t,2,4,1.954636457,8.11725377,0.1,2.6952,WSD,1,7.1208,4.179468167,6
Skewness,Skew-Student-t,2,4,1.822394713,7.384054714,0.1,2.6952,SC,1,21.6197,23.75055959,16
Skewness,Skew-Student-t,2,4,1.743622243,5.384540454,0.2,2.8537,EWMA,1,10.0182,8.503358129,8
Skewness,Skew-Student-t,2,4,1.892741036,6.92044582,0.2,2.8537,WV,1,8.1406,6.283357359,6
Skewness,Skew-Student-t,2,4,1.974023451,8.764346083,0.2,2.8537,WSD,1,6.7364,5.03686927,5
Skewness,Skew-Student-t,2,4,1.651423827,4.382440764,0.2,2.8537,SC,1,32.3945,54.7056701,18
Skewness,Skew-Student-t,2,4,1.821489148,6.233941732,0.3,2.9286,EWMA,1,11.2338,11.64720152,8
Skewness,Skew-Student-t,2,4,1.816161482,6.133230151,0.3,2.9286,WV,1,8.3854,7.45100118,6
Skewness,Skew-Student-t,2,4,1.96133538,7.797530135,0.3,2.9286,WSD,1,6.7619,5.829288674,5
Skewness,Skew-Student-t,2,4,1.935303461,7.992448188,0.3,2.9286,SC,1,45.5536,79.60684425,23
Skewness,Skew-Student-t,2,4,1.783301736,5.532499092,0.1,2.6952,EWMA,1.5,5.5157,2.288247608,5
Skewness,Skew-Student-t,2,4,2.142647702,12.72148039,0.1,2.6952,WV,1.5,4.8421,2.007827365,5
Skewness,Skew-Student-t,2,4,1.746741317,5.212234938,0.1,2.6952,WSD,1.5,4.3355,1.776078601,4
Skewness,Skew-Student-t,2,4,1.971044944,8.174885315,0.1,2.6952,SC,1.5,9.8837,4.841974678,9
Skewness,Skew-Student-t,2,4,1.694672995,4.878763737,0.2,2.8537,EWMA,1.5,5.0963,2.855072933,5
Skewness,Skew-Student-t,2,4,1.860190819,6.62472986,0.2,2.8537,WV,1.5,4.402,2.311218331,4
Skewness,Skew-Student-t,2,4,1.848353675,6.445221607,0.2,2.8537,WSD,1.5,3.8044,1.929381479,3
Skewness,Skew-Student-t,2,4,1.75102636,5.197759518,0.2,2.8537,SC,1.5,11.2426,11.14482687,9
Skewness,Skew-Student-t,2,4,1.80445774,5.765819305,0.3,2.9286,EWMA,1.5,5.2902,3.76465154,4
Skewness,Skew-Student-t,2,4,1.864428214,6.505956181,0.3,2.9286,WV,1.5,4.396,2.821981637,4
Skewness,Skew-Student-t,2,4,1.85225157,7.319707033,0.3,2.9286,WSD,1.5,3.6715,2.220693788,3
Skewness,Skew-Student-t,2,4,1.74469511,5.675701465,0.3,2.9286,SC,1.5,14.8354,20.59865377,9
Skewness,Skew-Student-t,2.5,4,1.85646606,6.390330871,0.1,2.6952,EWMA,0.25,82.4004,137.7926049,42
Skewness,Skew-Student-t,2.5,4,1.715880026,5.320034689,0.1,2.6952,WV,0.25,62.8487,109.2401819,33
Skewness,Skew-Student-t,2.5,4,1.800858241,6.088026916,0.1,2.6952,WSD,0.25,45.9032,73.78141907,25
Skewness,Skew-Student-t,2.5,4,1.992200935,8.87926749,0.1,2.6952,SC,0.25,185.2621,233.9875296,106
Skewness,Skew-Student-t,2.5,4,1.805912087,5.816826906,0.2,2.8537,EWMA,0.25,72.3427,107.0875559,39
Skewness,Skew-Student-t,2.5,4,2.021159235,9.826481617,0.2,2.8537,WV,0.25,50.5585,70.1636877,28.5
Skewness,Skew-Student-t,2.5,4,1.866967759,7.42361484,0.2,2.8537,WSD,0.25,37.7099,50.3605139,22
Skewness,Skew-Student-t,2.5,4,1.962777037,8.974005292,0.2,2.8537,SC,0.25,172.3845,222.3352184,98
Skewness,Skew-Student-t,2.5,4,1.906271789,7.528058174,0.3,2.9286,EWMA,0.25,62.6556,89.31384599,35
Skewness,Skew-Student-t,2.5,4,1.965776611,8.342400554,0.3,2.9286,WV,0.25,44.1676,60.52235294,25
Skewness,Skew-Student-t,2.5,4,1.69095952,4.902835877,0.3,2.9286,WSD,0.25,31.4622,38.61002,19
Skewness,Skew-Student-t,2.5,4,1.827643615,6.108038623,0.3,2.9286,SC,0.25,188.3256,251.2037104,103
Skewness,Skew-Student-t,2.5,4,1.730911254,5.122999094,0.1,2.6952,EWMA,0.5,30.7465,41.46858331,20
Skewness,Skew-Student-t,2.5,4,1.811675796,5.914117688,0.1,2.6952,WV,0.5,23.8675,32.68337749,16
Skewness,Skew-Student-t,2.5,4,1.705099707,5.140083899,0.1,2.6952,WSD,0.5,19.3037,21.77328349,13
Skewness,Skew-Student-t,2.5,4,1.743285582,5.232294049,0.1,2.6952,SC,0.5,134.5527,240.3795725,58.5
Skewness,Skew-Student-t,2.5,4,2.00790273,9.994338964,0.2,2.8537,EWMA,0.5,32.253,45.34592172,19
Skewness,Skew-Student-t,2.5,4,1.694364001,4.656597014,0.2,2.8537,WV,0.5,23.8135,30.70834444,15
Skewness,Skew-Student-t,2.5,4,1.807223176,5.901376603,0.2,2.8537,WSD,0.5,17.9659,20.58763518,12
Skewness,Skew-Student-t,2.5,4,1.667843467,4.708039788,0.2,2.8537,SC,0.5,162.4443,262.1632492,72
Skewness,Skew-Student-t,2.5,4,2.220656292,15.3606776,0.3,2.9286,EWMA,0.5,32.3527,44.58883178,18
Skewness,Skew-Student-t,2.5,4,2.159870422,12.15325377,0.3,2.9286,WV,0.5,23.8693,29.97796666,14
Skewness,Skew-Student-t,2.5,4,1.844016326,6.924365842,0.3,2.9286,WSD,0.5,17.8103,20.60292605,11
Skewness,Skew-Student-t,2.5,4,1.744552544,5.383238531,0.3,2.9286,SC,0.5,164.1714,249.2959018,79
Skewness,Skew-Student-t,2.5,4,1.866199781,7.870260186,0.1,2.6952,EWMA,0.75,15.2168,13.58243888,12
Skewness,Skew-Student-t,2.5,4,1.814590868,6.580004937,0.1,2.6952,WV,0.75,12.4566,10.93239535,10
Skewness,Skew-Student-t,2.5,4,1.7106977,4.757634943,0.1,2.6952,WSD,0.75,10.5443,7.997826832,9
Skewness,Skew-Student-t,2.5,4,1.764047157,5.592911146,0.1,2.6952,SC,0.75,46.4112,82.02004659,27
Skewness,Skew-Student-t,2.5,4,1.736677179,5.180150129,0.2,2.8537,EWMA,0.75,16.5459,21.04334516,11
Skewness,Skew-Student-t,2.5,4,1.787131089,6.227596018,0.2,2.8537,WV,0.75,13.0254,13.55393396,9
Skewness,Skew-Student-t,2.5,4,1.806973853,5.676195668,0.2,2.8537,WSD,0.75,10.2198,8.864961744,8
Skewness,Skew-Student-t,2.5,4,1.998296294,8.486250146,0.2,2.8537,SC,0.75,72.9039,126.7142783,35
Skewness,Skew-Student-t,2.5,4,1.872382119,7.757833721,0.3,2.9286,EWMA,0.75,18.388,22.28655929,11
Skewness,Skew-Student-t,2.5,4,2.023610488,10.70035495,0.3,2.9286,WV,0.75,13.1042,14.0122795,9
Skewness,Skew-Student-t,2.5,4,1.830513129,6.440876711,0.3,2.9286,WSD,0.75,10.466,10.59098961,7
Skewness,Skew-Student-t,2.5,4,1.929809452,6.841127268,0.3,2.9286,SC,0.75,88.4017,142.783336,43
Skewness,Skew-Student-t,2.5,4,1.932866276,9.419770115,0.1,2.6952,EWMA,1,9.6466,6.232382586,8
Skewness,Skew-Student-t,2.5,4,1.758459627,5.279684165,0.1,2.6952,WV,1,8.2303,4.887929121,7
Skewness,Skew-Student-t,2.5,4,1.736546536,5.048517726,0.1,2.6952,WSD,1,7.0073,4.036839892,6
Skewness,Skew-Student-t,2.5,4,1.745419859,5.089420891,0.1,2.6952,SC,1,21.7841,23.77100741,16
Skewness,Skew-Student-t,2.5,4,2.014771008,9.09157067,0.2,2.8537,EWMA,1,10.1362,8.72944843,8
Skewness,Skew-Student-t,2.5,4,1.710354132,5.08983942,0.2,2.8537,WV,1,8.0901,6.369257314,6
Skewness,Skew-Student-t,2.5,4,1.750426715,5.681847177,0.2,2.8537,WSD,1,6.7345,4.909217839,5
Skewness,Skew-Student-t,2.5,4,2.097126518,10.28710613,0.2,2.8537,SC,1,35.5059,61.65078302,19
Skewness,Skew-Student-t,2.5,4,1.816326362,6.57680543,0.3,2.9286,EWMA,1,10.991,11.14143313,8
Skewness,Skew-Student-t,2.5,4,2.135473215,13.47143358,0.3,2.9286,WV,1,8.4313,7.930117842,6
Skewness,Skew-Student-t,2.5,4,1.693572257,4.671431818,0.3,2.9286,WSD,1,6.8335,6.00672838,5
Skewness,Skew-Student-t,2.5,4,1.933745032,8.127130132,0.3,2.9286,SC,1,44.8145,75.46106762,23
Skewness,Skew-Student-t,2.5,4,1.764117521,5.566562162,0.1,2.6952,EWMA,1.5,5.4855,2.26656204,5
Skewness,Skew-Student-t,2.5,4,1.831718691,7.072869263,0.1,2.6952,WV,1.5,4.8306,2.001875218,5
Skewness,Skew-Student-t,2.5,4,1.83931539,6.443063014,0.1,2.6952,WSD,1.5,4.3597,1.803563471,4
Skewness,Skew-Student-t,2.5,4,1.817260962,6.089165876,0.1,2.6952,SC,1.5,9.717,4.725499342,9
Skewness,Skew-Student-t,2.5,4,1.937133813,7.388420904,0.2,2.8537,EWMA,1.5,5.1003,2.841416421,5
Skewness,Skew-Student-t,2.5,4,1.974610519,8.069730126,0.2,2.8537,WV,1.5,4.3593,2.324509377,4
Skewness,Skew-Student-t,2.5,4,1.72520554,4.883835228,0.2,2.8537,WSD,1.5,3.8452,2.004105437,3
Skewness,Skew-Student-t,2.5,4,1.926192006,7.34694891,0.2,2.8537,SC,1.5,11.3193,10.4162852,9
Skewness,Skew-Student-t,2.5,4,1.974137236,10.08751311,0.3,2.9286,EWMA,1.5,5.3036,3.707802829,4
Skewness,Skew-Student-t,2.5,4,1.719198516,5.279299479,0.3,2.9286,WV,1.5,4.365,2.799778362,4
Skewness,Skew-Student-t,2.5,4,1.952800533,7.66569151,0.3,2.9286,WSD,1.5,3.6855,2.273303002,3
Skewness,Skew-Student-t,2.5,4,1.926315747,6.847954335,0.3,2.9286,SC,1.5,15.0522,18.65078176,10
Skewness,Skew-Student-t,3,4,1.93913731,7.743745273,0.1,2.6952,EWMA,0.25,84.4843,140.1025147,42
Skewness,Skew-Student-t,3,4,1.839780832,6.384321046,0.1,2.6952,WV,0.25,61.4648,101.7018067,32
Skewness,Skew-Student-t,3,4,1.778850732,6.320614545,0.1,2.6952,WSD,0.25,44.3707,69.06693352,25
Skewness,Skew-Student-t,3,4,1.745995077,5.222534586,0.1,2.6952,SC,0.25,188.4208,239.7741936,105
Skewness,Skew-Student-t,3,4,2.077170562,9.484729561,0.2,2.8537,EWMA,0.25,72.238,112.4722044,37
Skewness,Skew-Student-t,3,4,1.725321453,5.113266594,0.2,2.8537,WV,0.25,49.2185,68.02060157,28
Skewness,Skew-Student-t,3,4,1.824772473,5.804494211,0.2,2.8537,WSD,0.25,36.1982,50.16941512,21
Skewness,Skew-Student-t,3,4,1.753609412,5.047662005,0.2,2.8537,SC,0.25,179.5364,234.0098629,100
Skewness,Skew-Student-t,3,4,1.683413835,4.856853584,0.3,2.9286,EWMA,0.25,63.0591,87.68945747,36
Skewness,Skew-Student-t,3,4,1.877311015,7.266602999,0.3,2.9286,WV,0.25,43.3177,59.03010607,25
Skewness,Skew-Student-t,3,4,1.761584989,5.43781008,0.3,2.9286,WSD,0.25,31.6598,40.41156732,19
Skewness,Skew-Student-t,3,4,1.827029219,6.344986767,0.3,2.9286,SC,0.25,185.4285,252.74538,101
Skewness,Skew-Student-t,3,4,1.910824649,7.391653737,0.1,2.6952,EWMA,0.5,29.5065,39.29764864,19
Skewness,Skew-Student-t,3,4,1.991985489,10.25420375,0.1,2.6952,WV,0.5,23.4641,27.87208633,16
Skewness,Skew-Student-t,3,4,1.805322889,6.431601309,0.1,2.6952,WSD,0.5,19.0753,20.750472,13
Skewness,Skew-Student-t,3,4,1.800560637,5.783059448,0.1,2.6952,SC,0.5,135.7399,243.3852586,58
Skewness,Skew-Student-t,3,4,1.896890065,7.118939769,0.2,2.8537,EWMA,0.5,31.8447,46.37626395,19
Skewness,Skew-Student-t,3,4,2.142839807,11.21352963,0.2,2.8537,WV,0.5,23.2931,29.56987031,14
Skewness,Skew-Student-t,3,4,1.877254597,6.867363554,0.2,2.8537,WSD,0.5,17.6572,19.96915534,12
Skewness,Skew-Student-t,3,4,1.877652199,7.025911782,0.2,2.8537,SC,0.5,168.4922,269.1346289,76
Skewness,Skew-Student-t,3,4,1.834485284,6.504162876,0.3,2.9286,EWMA,0.5,32.6216,44.38743784,19
Skewness,Skew-Student-t,3,4,1.745528771,5.57607499,0.3,2.9286,WV,0.5,23.1604,28.54146341,14
Skewness,Skew-Student-t,3,4,1.891011845,7.089778942,0.3,2.9286,WSD,0.5,17.3909,20.26156337,11
Skewness,Skew-Student-t,3,4,1.760838694,5.802610362,0.3,2.9286,SC,0.5,165.3138,257.3530128,77.5
Skewness,Skew-Student-t,3,4,1.95002305,9.00149894,0.1,2.6952,EWMA,0.75,15.1073,13.15622649,12
Skewness,Skew-Student-t,3,4,1.779251693,6.244072465,0.1,2.6952,WV,0.75,12.3076,9.558489353,10
Skewness,Skew-Student-t,3,4,1.842663619,6.824653039,0.1,2.6952,WSD,0.75,10.3548,7.547596543,8
Skewness,Skew-Student-t,3,4,1.811607466,5.89472609,0.1,2.6952,SC,0.75,47.9783,90.0658571,27
Skewness,Skew-Student-t,3,4,1.889911175,7.8279317,0.2,2.8537,EWMA,0.75,16.697,18.16752038,11
Skewness,Skew-Student-t,3,4,1.753201471,5.144704055,0.2,2.8537,WV,0.75,12.618,11.97236859,9
Skewness,Skew-Student-t,3,4,1.956824438,7.652089205,0.2,2.8537,WSD,0.75,9.9949,9.126478141,7
Skewness,Skew-Student-t,3,4,1.785920395,5.428629511,0.2,2.8537,SC,0.75,72.2546,133.7227137,33
Skewness,Skew-Student-t,3,4,1.865239573,6.491267152,0.3,2.9286,EWMA,0.75,18.1397,22.5999438,11.5
Skewness,Skew-Student-t,3,4,1.735220629,5.303609123,0.3,2.9286,WV,0.75,13.3855,14.4155843,9
Skewness,Skew-Student-t,3,4,1.902040348,6.980928411,0.3,2.9286,WSD,0.75,10.2744,10.42916015,7
Skewness,Skew-Student-t,3,4,1.773474907,6.021598116,0.3,2.9286,SC,0.75,85.655,145.2802224,42
Skewness,Skew-Student-t,3,4,1.912423438,8.077664543,0.1,2.6952,EWMA,1,9.6101,5.999706463,8
Skewness,Skew-Student-t,3,4,1.812231049,5.731729079,0.1,2.6952,WV,1,8.1794,4.847284318,7
Skewness,Skew-Student-t,3,4,1.996463611,8.349223105,0.1,2.6952,WSD,1,7.09,4.148375694,6
Skewness,Skew-Student-t,3,4,1.864000798,7.182813094,0.1,2.6952,SC,1,21.6302,25.34591662,16
Skewness,Skew-Student-t,3,4,1.903939483,6.813418238,0.2,2.8537,EWMA,1,10.0208,8.912357173,8
Skewness,Skew-Student-t,3,4,1.758879396,5.339644227,0.2,2.8537,WV,1,8.0298,6.456506843,6
Skewness,Skew-Student-t,3,4,1.809479654,6.021691756,0.2,2.8537,WSD,1,6.6378,4.958494714,5
Skewness,Skew-Student-t,3,4,1.782131792,5.692428216,0.2,2.8537,SC,1,33.0952,54.64736929,19
Skewness,Skew-Student-t,3,4,1.728483388,5.124862514,0.3,2.9286,EWMA,1,11.065,12.6918353,8
Skewness,Skew-Student-t,3,4,1.886952417,7.626499952,0.3,2.9286,WV,1,8.5435,7.994867075,6
Skewness,Skew-Student-t,3,4,1.86750148,6.995933173,0.3,2.9286,WSD,1,6.7983,5.950425016,5
Skewness,Skew-Student-t,3,4,1.739241172,5.327643451,0.3,2.9286,SC,1,44.8295,75.16466991,23
Skewness,Skew-Student-t,3,4,1.688663338,4.91786021,0.1,2.6952,EWMA,1.5,5.4654,2.261927159,5
Skewness,Skew-Student-t,3,4,1.781633544,6.299937551,0.1,2.6952,WV,1.5,4.8745,1.997585739,5
Skewness,Skew-Student-t,3,4,2.076498088,9.562939968,0.1,2.6952,WSD,1.5,4.2854,1.763252037,4
Skewness,Skew-Student-t,3,4,1.738670429,5.257651472,0.1,2.6952,SC,1.5,9.6963,4.682441546,9
Skewness,Skew-Student-t,3,4,1.835363831,5.848478764,0.2,2.8537,EWMA,1.5,5.0946,2.823623226,5
Skewness,Skew-Student-t,3,4,1.741495575,5.702285722,0.2,2.8537,WV,1.5,4.3787,2.331357938,4
Skewness,Skew-Student-t,3,4,1.632677747,4.317274583,0.2,2.8537,WSD,1.5,3.8329,1.95569938,3
Skewness,Skew-Student-t,3,4,1.788194248,5.665707487,0.2,2.8537,SC,1.5,11.0849,10.43376147,9
Skewness,Skew-Student-t,3,4,1.988742629,8.629275233,0.3,2.9286,EWMA,1.5,5.2108,3.621032249,4
Skewness,Skew-Student-t,3,4,1.637867002,4.227317599,0.3,2.9286,WV,1.5,4.347,2.782151153,4
Skewness,Skew-Student-t,3,4,1.802896894,5.755336801,0.3,2.9286,WSD,1.5,3.7332,2.329884245,3
Skewness,Skew-Student-t,3,4,1.651957479,4.400113232,0.3,2.9286,SC,1.5,14.1987,18.88235877,9
Kurtosis,Skew-Student-t,0.5,2,0.368774024,2.982918197,0.1,2.6952,EWMA,0.25,100.4117,160.4345279,52
Kurtosis,Skew-Student-t,0.5,2,0.129961826,4.265319525,0.1,2.6952,WV,0.25,94.7485,148.5060869,49
Kurtosis,Skew-Student-t,0.5,2,0.541438751,3.774678771,0.1,2.6952,WSD,0.25,86.0759,135.2119283,46
Kurtosis,Skew-Student-t,0.5,2,0.322394453,3.172807082,0.1,2.6952,SC,0.25,157.9188,230.8785908,79
Kurtosis,Skew-Student-t,0.5,2,0.434486905,3.213256982,0.2,2.8537,EWMA,0.25,98.1108,143.5892347,53
Kurtosis,Skew-Student-t,0.5,2,0.443190877,3.723644213,0.2,2.8537,WV,0.25,92.4518,130.9060179,50
Kurtosis,Skew-Student-t,0.5,2,0.571743995,3.876581877,0.2,2.8537,WSD,0.25,85.4845,124.9521727,47
Kurtosis,Skew-Student-t,0.5,2,0.590332447,5.734884939,0.2,2.8537,SC,0.25,175.5076,227.2615408,99
Kurtosis,Skew-Student-t,0.5,2,0.50242229,3.183012316,0.3,2.9286,EWMA,0.25,92.5857,121.8601454,53
Kurtosis,Skew-Student-t,0.5,2,0.643738863,7.858281346,0.3,2.9286,WV,0.25,85.5964,117.0763597,48
Kurtosis,Skew-Student-t,0.5,2,0.398729644,3.461238685,0.3,2.9286,WSD,0.25,82.3391,114.0007023,47
Kurtosis,Skew-Student-t,0.5,2,0.519145737,5.195703347,0.3,2.9286,SC,0.25,143.6897,182.5151183,84
Kurtosis,Skew-Student-t,0.5,2,0.480320545,4.718939868,0.1,2.6952,EWMA,0.5,31.5033,38.69792168,21
Kurtosis,Skew-Student-t,0.5,2,0.48438122,3.122710357,0.1,2.6952,WV,0.5,28.9512,31.83184483,20
Kurtosis,Skew-Student-t,0.5,2,0.480856587,6.00206263,0.1,2.6952,WSD,0.5,28.1433,33.68368484,19
Kurtosis,Skew-Student-t,0.5,2,0.497345184,3.679824485,0.1,2.6952,SC,0.5,61.233,99.85378004,34
Kurtosis,Skew-Student-t,0.5,2,0.545040703,5.475943759,0.2,2.8537,EWMA,0.5,38.5304,52.24829437,23
Kurtosis,Skew-Student-t,0.5,2,0.869203307,11.45659966,0.2,2.8537,WV,0.5,36.1616,46.98019582,22
Kurtosis,Skew-Student-t,0.5,2,0.53057397,3.370295912,0.2,2.8537,WSD,0.5,33.0383,44.9914776,20
Kurtosis,Skew-Student-t,0.5,2,1.092965829,13.97921387,0.2,2.8537,SC,0.5,154.7818,219.2650864,81
Kurtosis,Skew-Student-t,0.5,2,0.468035915,3.949515474,0.3,2.9286,EWMA,0.5,44.1447,62.44856239,26
Kurtosis,Skew-Student-t,0.5,2,0.319046991,4.332436804,0.3,2.9286,WV,0.5,40.2566,54.64303014,24
Kurtosis,Skew-Student-t,0.5,2,0.073285633,8.270666078,0.3,2.9286,WSD,0.5,38.4947,49.59271434,23
Kurtosis,Skew-Student-t,0.5,2,0.77803674,7.735573617,0.3,2.9286,SC,0.5,126.3489,172.4111009,70
Kurtosis,Skew-Student-t,0.5,2,0.559700392,5.114984735,0.1,2.6952,EWMA,0.75,14.9623,11.89410887,12
Kurtosis,Skew-Student-t,0.5,2,0.413293127,4.217607507,0.1,2.6952,WV,0.75,14.2892,10.20767275,12
Kurtosis,Skew-Student-t,0.5,2,0.392896957,3.37102583,0.1,2.6952,WSD,0.75,13.6746,10.02243283,11
Kurtosis,Skew-Student-t,0.5,2,0.621989554,5.393256842,0.1,2.6952,SC,0.75,27.2366,41.48732023,19
Kurtosis,Skew-Student-t,0.5,2,0.602297441,4.899281054,0.2,2.8537,EWMA,0.75,17.4903,18.59794328,12
Kurtosis,Skew-Student-t,0.5,2,0.68650017,10.00640579,0.2,2.8537,WV,0.75,16.6984,16.8276604,12
Kurtosis,Skew-Student-t,0.5,2,0.422648207,3.141161461,0.2,2.8537,WSD,0.75,15.065,14.51936142,11
Kurtosis,Skew-Student-t,0.5,2,0.283071849,3.20741687,0.2,2.8537,SC,0.75,26.1718,34.52970192,17
Kurtosis,Skew-Student-t,0.5,2,0.507070026,3.542970045,0.3,2.9286,EWMA,0.75,21.0866,24.96220767,14
Kurtosis,Skew-Student-t,0.5,2,0.479718319,3.512565121,0.3,2.9286,WV,0.75,19.8671,24.36703537,13
Kurtosis,Skew-Student-t,0.5,2,0.461162809,3.019196955,0.3,2.9286,WSD,0.75,18.7626,23.09303293,12
Kurtosis,Skew-Student-t,0.5,2,0.492003799,4.011728535,0.3,2.9286,SC,0.75,47.0762,67.19312082,26
Kurtosis,Skew-Student-t,0.5,2,0.228164775,7.524537126,0.1,2.6952,EWMA,1,9.5437,5.325028254,8
Kurtosis,Skew-Student-t,0.5,2,0.363668811,3.582169232,0.1,2.6952,WV,1,9.34,5.144457847,8
Kurtosis,Skew-Student-t,0.5,2,0.622833039,7.425640327,0.1,2.6952,WSD,1,9.0536,5.009534568,8
Kurtosis,Skew-Student-t,0.5,2,0.397258022,4.246394402,0.1,2.6952,SC,1,12.537,7.284801839,11
Kurtosis,Skew-Student-t,0.5,2,0.316770176,3.790909656,0.2,2.8537,EWMA,1,9.9627,7.785420347,8
Kurtosis,Skew-Student-t,0.5,2,1.646558959,42.82442927,0.2,2.8537,WV,1,9.6597,7.419460947,8
Kurtosis,Skew-Student-t,0.5,2,0.415059718,3.53161527,0.2,2.8537,WSD,1,9.2894,7.362381959,7
Kurtosis,Skew-Student-t,0.5,2,0.275927977,3.187192163,0.2,2.8537,SC,1,13.4782,11.83040661,10
Kurtosis,Skew-Student-t,0.5,2,0.460703077,3.48243818,0.3,2.9286,EWMA,1,11.9634,11.97456469,9
Kurtosis,Skew-Student-t,0.5,2,0.393578624,4.336105855,0.3,2.9286,WV,1,11.1808,10.62990173,8
Kurtosis,Skew-Student-t,0.5,2,0.508979697,3.575329669,0.3,2.9286,WSD,1,10.4622,9.319831387,8
Kurtosis,Skew-Student-t,0.5,2,0.454787532,3.192328486,0.3,2.9286,SC,1,22.3214,28.25649916,14
Kurtosis,Skew-Student-t,0.5,2,0.443949035,3.410567894,0.1,2.6952,EWMA,1.5,5.5707,2.184188311,5
Kurtosis,Skew-Student-t,0.5,2,0.628411673,8.887087074,0.1,2.6952,WV,1.5,5.4555,2.173083519,5
Kurtosis,Skew-Student-t,0.5,2,0.583928721,6.361748128,0.1,2.6952,WSD,1.5,5.303,2.064804432,5
Kurtosis,Skew-Student-t,0.5,2,0.567149,4.68247046,0.1,2.6952,SC,1.5,7.4115,2.906546499,7
Kurtosis,Skew-Student-t,0.5,2,0.545928034,4.804013755,0.2,2.8537,EWMA,1.5,5.0681,2.528300144,5
Kurtosis,Skew-Student-t,0.5,2,1.209224908,21.70970783,0.2,2.8537,WV,1.5,4.9069,2.504527831,4
Kurtosis,Skew-Student-t,0.5,2,0.49420554,4.35951929,0.2,2.8537,WSD,1.5,4.7325,2.340916859,4
Kurtosis,Skew-Student-t,0.5,2,0.487533037,3.450221579,0.2,2.8537,SC,1.5,6.9977,3.945484938,6
Kurtosis,Skew-Student-t,0.5,2,0.564196922,3.527431934,0.3,2.9286,EWMA,1.5,5.1515,3.277471881,4
Kurtosis,Skew-Student-t,0.5,2,0.396439979,3.706891135,0.3,2.9286,WV,1.5,4.994,3.049015193,4
Kurtosis,Skew-Student-t,0.5,2,0.494920192,3.587589912,0.3,2.9286,WSD,1.5,4.9164,3.04669317,4
Kurtosis,Skew-Student-t,0.5,2,0.456111899,3.444748524,0.3,2.9286,SC,1.5,7.6873,6.15110578,6
Kurtosis,Skew-Student-t,0.5,4,0.443800352,3.93420528,0.1,2.6952,EWMA,0.25,97.9064,153.6439849,51
Kurtosis,Skew-Student-t,0.5,4,0.464062224,5.273250165,0.1,2.6952,WV,0.25,91.865,144.0872648,48
Kurtosis,Skew-Student-t,0.5,4,0.350581328,3.648764787,0.1,2.6952,WSD,0.25,86.8884,139.1425198,45
Kurtosis,Skew-Student-t,0.5,4,0.470029792,5.043045831,0.1,2.6952,SC,0.25,172.2478,235.0226861,92
Kurtosis,Skew-Student-t,0.5,4,0.443872008,3.872288715,0.2,2.8537,EWMA,0.25,96.2188,137.9112986,53
Kurtosis,Skew-Student-t,0.5,4,0.402428587,3.813001091,0.2,2.8537,WV,0.25,91.3587,129.648101,50
Kurtosis,Skew-Student-t,0.5,4,0.361409421,4.177544728,0.2,2.8537,WSD,0.25,88.3343,123.6416316,49
Kurtosis,Skew-Student-t,0.5,4,0.349825336,2.863153394,0.2,2.8537,SC,0.25,147.2967,196.3584165,82
Kurtosis,Skew-Student-t,0.5,4,0.465119716,4.379548917,0.3,2.9286,EWMA,0.25,91.0584,123.8636993,52
Kurtosis,Skew-Student-t,0.5,4,0.390194611,4.254369992,0.3,2.9286,WV,0.25,84.3744,113.2607126,48
Kurtosis,Skew-Student-t,0.5,4,0.399168245,3.312553012,0.3,2.9286,WSD,0.25,77.6907,100.6347781,46
Kurtosis,Skew-Student-t,0.5,4,0.072453893,4.252587324,0.3,2.9286,SC,0.25,99.2606,136.4279104,56
Kurtosis,Skew-Student-t,0.5,4,0.483203962,4.885167177,0.1,2.6952,EWMA,0.5,31.189,40.04310458,21
Kurtosis,Skew-Student-t,0.5,4,0.406848067,5.12739605,0.1,2.6952,WV,0.5,30.4794,44.39088905,20
Kurtosis,Skew-Student-t,0.5,4,0.531242177,5.108674945,0.1,2.6952,WSD,0.5,28.6579,34.21931273,19
Kurtosis,Skew-Student-t,0.5,4,0.33315814,5.159183074,0.1,2.6952,SC,0.5,48.5354,73.38063109,29
Kurtosis,Skew-Student-t,0.5,4,0.517865431,5.783808577,0.2,2.8537,EWMA,0.5,38.2659,51.87442619,23
Kurtosis,Skew-Student-t,0.5,4,0.469767666,4.643307608,0.2,2.8537,WV,0.5,36.5221,48.29649021,22
Kurtosis,Skew-Student-t,0.5,4,0.247505674,3.556653552,0.2,2.8537,WSD,0.5,33.6957,47.13024111,20.5
Kurtosis,Skew-Student-t,0.5,4,0.273434762,3.442228823,0.2,2.8537,SC,0.5,60.3555,93.29650981,33
Kurtosis,Skew-Student-t,0.5,4,0.53990303,6.132654831,0.3,2.9286,EWMA,0.5,43.7776,65.08513153,25
Kurtosis,Skew-Student-t,0.5,4,0.495347101,3.671797,0.3,2.9286,WV,0.5,40.3416,56.71138623,24
Kurtosis,Skew-Student-t,0.5,4,0.332854061,7.413189792,0.3,2.9286,WSD,0.5,37.0081,48.38923213,22
Kurtosis,Skew-Student-t,0.5,4,0.709431489,6.601948393,0.3,2.9286,SC,0.5,114.9497,156.3703212,64
Kurtosis,Skew-Student-t,0.5,4,0.563606071,6.551175883,0.1,2.6952,EWMA,0.75,14.812,11.79803269,12
Kurtosis,Skew-Student-t,0.5,4,0.4834,6.013190501,0.1,2.6952,WV,0.75,14.3866,11.21044637,12
Kurtosis,Skew-Student-t,0.5,4,0.394894744,4.41174469,0.1,2.6952,WSD,0.75,13.9005,10.64762588,11
Kurtosis,Skew-Student-t,0.5,4,0.440719468,3.43624396,0.1,2.6952,SC,0.75,22.9499,28.01349792,17
Kurtosis,Skew-Student-t,0.5,4,0.284296993,3.613582698,0.2,2.8537,EWMA,0.75,17.4891,20.3785576,12
Kurtosis,Skew-Student-t,0.5,4,0.403820557,4.106325329,0.2,2.8537,WV,0.75,16.3662,17.737135,11
Kurtosis,Skew-Student-t,0.5,4,0.370296938,4.263803764,0.2,2.8537,WSD,0.75,16.0914,16.86838167,11
Kurtosis,Skew-Student-t,0.5,4,1.816869917,31.74111482,0.2,2.8537,SC,0.75,92.942,143.302792,46
Kurtosis,Skew-Student-t,0.5,4,0.47453123,4.546002262,0.3,2.9286,EWMA,0.75,21.2459,32.51554642,13
Kurtosis,Skew-Student-t,0.5,4,0.112108172,8.447157669,0.3,2.9286,WV,0.75,19.739,27.11498481,13
Kurtosis,Skew-Student-t,0.5,4,0.58438114,6.789482252,0.3,2.9286,WSD,0.75,18.5772,22.33102119,12
Kurtosis,Skew-Student-t,0.5,4,0.202775159,3.838235466,0.3,2.9286,SC,0.75,30.2398,40.31506203,18
Kurtosis,Skew-Student-t,0.5,4,0.563168198,4.540884224,0.1,2.6952,EWMA,1,9.6082,5.441199631,8
Kurtosis,Skew-Student-t,0.5,4,0.341470787,3.97993012,0.1,2.6952,WV,1,9.2716,5.031477419,8
Kurtosis,Skew-Student-t,0.5,4,1.107294474,20.66609334,0.1,2.6952,WSD,1,8.9577,4.967472022,8
Kurtosis,Skew-Student-t,0.5,4,0.413151698,3.459525196,0.1,2.6952,SC,1,12.6578,8.626571795,11
Kurtosis,Skew-Student-t,0.5,4,0.432806014,3.997523032,0.2,2.8537,EWMA,1,9.8803,7.842966475,8
Kurtosis,Skew-Student-t,0.5,4,0.518957615,4.321819538,0.2,2.8537,WV,1,9.4572,7.01380692,8
Kurtosis,Skew-Student-t,0.5,4,0.409657535,3.781636555,0.2,2.8537,WSD,1,9.1234,6.725287755,7
Kurtosis,Skew-Student-t,0.5,4,0.692677113,7.518649801,0.2,2.8537,SC,1,20.3795,24.98502962,14
Kurtosis,Skew-Student-t,0.5,4,0.445026193,3.972215026,0.3,2.9286,EWMA,1,11.5532,11.58625884,8
Kurtosis,Skew-Student-t,0.5,4,0.500751633,4.238749215,0.3,2.9286,WV,1,10.7943,10.24229847,8
Kurtosis,Skew-Student-t,0.5,4,0.786834864,8.258467107,0.3,2.9286,WSD,1,10.519,10.22293939,8
Kurtosis,Skew-Student-t,0.5,4,0.425176067,5.190771394,0.3,2.9286,SC,1,20.4974,26.31619744,13
Kurtosis,Skew-Student-t,0.5,4,0.694510662,7.873666431,0.1,2.6952,EWMA,1.5,5.5398,2.174232897,5
Kurtosis,Skew-Student-t,0.5,4,0.530697074,3.735601014,0.1,2.6952,WV,1.5,5.4004,2.089286087,5
Kurtosis,Skew-Student-t,0.5,4,0.564543599,6.442057579,0.1,2.6952,WSD,1.5,5.3229,2.066412978,5
Kurtosis,Skew-Student-t,0.5,4,0.58529147,5.636819073,0.1,2.6952,SC,1.5,7.3982,2.911577663,7
Kurtosis,Skew-Student-t,0.5,4,0.443215939,5.810791355,0.2,2.8537,EWMA,1.5,5.0731,2.529821415,5
Kurtosis,Skew-Student-t,0.5,4,0.522609287,5.299484068,0.2,2.8537,WV,1.5,4.9465,2.483033285,4
Kurtosis,Skew-Student-t,0.5,4,0.540934203,4.208942336,0.2,2.8537,WSD,1.5,4.7322,2.299480794,4
Kurtosis,Skew-Student-t,0.5,4,0.593328269,4.966184706,0.2,2.8537,SC,1.5,7.353,4.253234064,6
Kurtosis,Skew-Student-t,0.5,4,0.458430172,4.74732678,0.3,2.9286,EWMA,1.5,5.1382,3.319608823,4
Kurtosis,Skew-Student-t,0.5,4,0.425047181,3.860099161,0.3,2.9286,WV,1.5,4.9169,3.098927996,4
Kurtosis,Skew-Student-t,0.5,4,0.68681983,7.776799068,0.3,2.9286,WSD,1.5,4.8284,3.004073216,4
Kurtosis,Skew-Student-t,0.5,4,0.771524898,9.207636428,0.3,2.9286,SC,1.5,9.9358,9.507298104,7
Kurtosis,Skew-Student-t,0.5,6,0.475991613,5.304074789,0.1,2.6952,EWMA,0.25,92.842,150.470381,48
Kurtosis,Skew-Student-t,0.5,6,0.686410738,9.634322106,0.1,2.6952,WV,0.25,85.1566,127.2165676,47
Kurtosis,Skew-Student-t,0.5,6,0.072839499,13.40671034,0.1,2.6952,WSD,0.25,81.9429,124.6251138,45
Kurtosis,Skew-Student-t,0.5,6,0.317465974,5.29005326,0.1,2.6952,SC,0.25,141.0587,208.1965116,74
Kurtosis,Skew-Student-t,0.5,6,0.282832675,5.933369632,0.2,2.8537,EWMA,0.25,89.9829,126.7383978,50
Kurtosis,Skew-Student-t,0.5,6,0.644910978,7.326827763,0.2,2.8537,WV,0.25,86.0437,121.2932059,47
Kurtosis,Skew-Student-t,0.5,6,0.255756116,3.540788549,0.2,2.8537,WSD,0.25,83.3046,115.8952052,46
Kurtosis,Skew-Student-t,0.5,6,0.387754212,6.03077527,0.2,2.8537,SC,0.25,141.7707,183.4446835,80
Kurtosis,Skew-Student-t,0.5,6,0.444051568,4.897031194,0.3,2.9286,EWMA,0.25,84.4386,112.5584576,48
Kurtosis,Skew-Student-t,0.5,6,0.340188419,4.429575447,0.3,2.9286,WV,0.25,81.3757,105.1493223,48
Kurtosis,Skew-Student-t,0.5,6,0.390363845,3.41808087,0.3,2.9286,WSD,0.25,76.2401,106.796632,44
Kurtosis,Skew-Student-t,0.5,6,0.422091895,3.744224238,0.3,2.9286,SC,0.25,126.1474,156.8182861,76
Kurtosis,Skew-Student-t,0.5,6,0.516176606,5.737887635,0.1,2.6952,EWMA,0.5,28.5199,39.15261801,19
Kurtosis,Skew-Student-t,0.5,6,0.512119033,7.351124218,0.1,2.6952,WV,0.5,27.0721,33.71380376,19
Kurtosis,Skew-Student-t,0.5,6,0.585641839,8.975963097,0.1,2.6952,WSD,0.5,25.8915,31.83377871,18
Kurtosis,Skew-Student-t,0.5,6,0.193598964,7.400954298,0.1,2.6952,SC,0.5,37.1127,49.33663557,24
Kurtosis,Skew-Student-t,0.5,6,0.586276497,5.669938659,0.2,2.8537,EWMA,0.5,35.8971,57.03087202,21
Kurtosis,Skew-Student-t,0.5,6,0.516563235,6.283327138,0.2,2.8537,WV,0.5,32.9585,42.75363102,20
Kurtosis,Skew-Student-t,0.5,6,0.466734831,5.374888374,0.2,2.8537,WSD,0.5,32.2082,44.88848795,19
Kurtosis,Skew-Student-t,0.5,6,0.288118869,4.745491558,0.2,2.8537,SC,0.5,56.5379,83.09136165,31
Kurtosis,Skew-Student-t,0.5,6,0.422035961,4.387146785,0.3,2.9286,EWMA,0.5,40.9336,52.66840597,24
Kurtosis,Skew-Student-t,0.5,6,0.330909635,4.657716416,0.3,2.9286,WV,0.5,38.9681,51.6084201,23
Kurtosis,Skew-Student-t,0.5,6,0.439382468,4.493458452,0.3,2.9286,WSD,0.5,35.4816,47.01408825,21
Kurtosis,Skew-Student-t,0.5,6,0.409582315,5.441015668,0.3,2.9286,SC,0.5,77.5301,105.6817579,43
Kurtosis,Skew-Student-t,0.5,6,0.514676503,5.370292039,0.1,2.6952,EWMA,0.75,13.7811,9.960326481,11
Kurtosis,Skew-Student-t,0.5,6,0.690334578,7.058977824,0.1,2.6952,WV,0.75,13.1086,9.324510748,11
Kurtosis,Skew-Student-t,0.5,6,0.584241047,7.166281311,0.1,2.6952,WSD,0.75,12.9581,9.250832513,11
Kurtosis,Skew-Student-t,0.5,6,0.434851061,4.546090244,0.1,2.6952,SC,0.75,20.889,27.50905949,16
Kurtosis,Skew-Student-t,0.5,6,0.837939835,11.45542861,0.2,2.8537,EWMA,0.75,15.7587,17.35528147,11
Kurtosis,Skew-Student-t,0.5,6,0.204145835,6.963790254,0.2,2.8537,WV,0.75,15.2724,14.99827634,11
Kurtosis,Skew-Student-t,0.5,6,0.934018012,12.89112189,0.2,2.8537,WSD,0.75,14.3456,13.9232951,10
Kurtosis,Skew-Student-t,0.5,6,0.421104129,3.896567299,0.2,2.8537,SC,0.75,28.717,41.98147634,18
Kurtosis,Skew-Student-t,0.5,6,1.05743336,19.50755397,0.3,2.9286,EWMA,0.75,19.204,22.14794883,12
Kurtosis,Skew-Student-t,0.5,6,0.268900585,6.992259499,0.3,2.9286,WV,0.75,18.0141,21.18734508,12
Kurtosis,Skew-Student-t,0.5,6,0.539474358,6.132894165,0.3,2.9286,WSD,0.75,17.1338,19.45968051,11
Kurtosis,Skew-Student-t,0.5,6,0.355225749,4.678266027,0.3,2.9286,SC,0.75,34.784,50.87059392,20
Kurtosis,Skew-Student-t,0.5,6,0.6469965,11.9543038,0.1,2.6952,EWMA,1,8.7953,4.579595526,8
Kurtosis,Skew-Student-t,0.5,6,0.382340154,5.331231591,0.1,2.6952,WV,1,8.7562,4.633045227,8
Kurtosis,Skew-Student-t,0.5,6,0.315106362,4.266871696,0.1,2.6952,WSD,1,8.5853,4.40956555,8
Kurtosis,Skew-Student-t,0.5,6,0.480676835,4.926077948,0.1,2.6952,SC,1,12.1725,7.056098256,11
Kurtosis,Skew-Student-t,0.5,6,0.400526593,4.934685834,0.2,2.8537,EWMA,1,9.0561,6.651268806,7
Kurtosis,Skew-Student-t,0.5,6,1.004343822,12.19371778,0.2,2.8537,WV,1,8.6245,6.141618003,7
Kurtosis,Skew-Student-t,0.5,6,0.632087552,6.956259721,0.2,2.8537,WSD,1,8.3689,5.867338013,7
Kurtosis,Skew-Student-t,0.5,6,0.552943365,8.26653293,0.2,2.8537,SC,1,15.4674,15.00281459,11
Kurtosis,Skew-Student-t,0.5,6,0.37850605,5.83372069,0.3,2.9286,EWMA,1,10.2863,9.847031467,8
Kurtosis,Skew-Student-t,0.5,6,0.343093395,4.145798484,0.3,2.9286,WV,1,10.0024,9.539931618,7
Kurtosis,Skew-Student-t,0.5,6,0.144808095,3.576415518,0.3,2.9286,WSD,1,9.8413,9.673658681,7
Kurtosis,Skew-Student-t,0.5,6,-0.054392933,5.865578904,0.3,2.9286,SC,1,9.7416,10.24918211,7
Kurtosis,Skew-Student-t,0.5,6,0.698499105,5.55281009,0.1,2.6952,EWMA,1.5,5.2394,2.021706302,5
Kurtosis,Skew-Student-t,0.5,6,0.500777675,5.49792505,0.1,2.6952,WV,1.5,5.0881,1.932954221,5
Kurtosis,Skew-Student-t,0.5,6,0.500846737,6.049052374,0.1,2.6952,WSD,1.5,5.0409,1.898733185,5
Kurtosis,Skew-Student-t,0.5,6,0.432899816,6.764267391,0.1,2.6952,SC,1.5,6.4754,2.434745908,6
Kurtosis,Skew-Student-t,0.5,6,0.369352281,5.445101538,0.2,2.8537,EWMA,1.5,4.7097,2.234709221,4
Kurtosis,Skew-Student-t,0.5,6,0.373819636,6.326449472,0.2,2.8537,WV,1.5,4.5536,2.151369303,4
Kurtosis,Skew-Student-t,0.5,6,0.341406979,4.312440939,0.2,2.8537,WSD,1.5,4.5018,2.067516438,4
Kurtosis,Skew-Student-t,0.5,6,0.31171632,8.463087143,0.2,2.8537,SC,1.5,5.7381,2.960436591,5
Kurtosis,Skew-Student-t,0.5,6,0.413213766,6.996578019,0.3,2.9286,EWMA,1.5,4.736,2.912138742,4
Kurtosis,Skew-Student-t,0.5,6,0.589450663,7.093819689,0.3,2.9286,WV,1.5,4.5674,2.624642093,4
Kurtosis,Skew-Student-t,0.5,6,0.151309976,6.02952058,0.3,2.9286,WSD,1.5,4.4668,2.640415676,4
Kurtosis,Skew-Student-t,0.5,6,0.402074816,4.617155823,0.3,2.9286,SC,1.5,6.4727,4.56040946,5
Kurtosis,Skew-Student-t,0.5,8,0.721511645,8.628961799,0.1,2.6952,EWMA,0.25,116.6226,181.048314,59
Kurtosis,Skew-Student-t,0.5,8,0.86874753,12.05299875,0.1,2.6952,WV,0.25,109.7575,166.0466303,56
Kurtosis,Skew-Student-t,0.5,8,0.441714984,4.652728716,0.1,2.6952,WSD,0.25,105.1791,157.4437762,54
Kurtosis,Skew-Student-t,0.5,8,0.846818473,12.1104849,0.1,2.6952,SC,0.25,187.718,240.4927973,108
Kurtosis,Skew-Student-t,0.5,8,0.245997944,8.420301294,0.2,2.8537,EWMA,0.25,105.7492,144.931873,59
Kurtosis,Skew-Student-t,0.5,8,0.561911068,5.065953641,0.2,2.8537,WV,0.25,98.5792,142.0211749,55
Kurtosis,Skew-Student-t,0.5,8,0.334298555,3.428356805,0.2,2.8537,WSD,0.25,94.5032,127.2852864,53
Kurtosis,Skew-Student-t,0.5,8,0.30110958,3.403684257,0.2,2.8537,SC,0.25,141.6087,188.456821,81
Kurtosis,Skew-Student-t,0.5,8,0.795425679,7.297834348,0.3,2.9286,EWMA,0.25,94.9153,119.4869593,56
Kurtosis,Skew-Student-t,0.5,8,0.363290867,4.381187438,0.3,2.9286,WV,0.25,88.2961,115.0190139,51
Kurtosis,Skew-Student-t,0.5,8,0.494546183,6.228838133,0.3,2.9286,WSD,0.25,84.0723,112.081038,49
Kurtosis,Skew-Student-t,0.5,8,0.573767547,5.47128726,0.3,2.9286,SC,0.25,124.395,151.8519294,75.5
Kurtosis,Skew-Student-t,0.5,8,0.551718539,6.560231554,0.1,2.6952,EWMA,0.5,44.9247,64.5803073,27
Kurtosis,Skew-Student-t,0.5,8,0.56252943,4.630664629,0.1,2.6952,WV,0.5,41.0361,61.33726944,25
Kurtosis,Skew-Student-t,0.5,8,0.432463557,6.288036758,0.1,2.6952,WSD,0.5,38.3886,51.00577368,24
Kurtosis,Skew-Student-t,0.5,8,0.634858345,7.458429417,0.1,2.6952,SC,0.5,109.1551,170.9574429,55
Kurtosis,Skew-Student-t,0.5,8,0.833834642,9.020852168,0.2,2.8537,EWMA,0.5,50.8783,70.1458319,29
Kurtosis,Skew-Student-t,0.5,8,0.556899379,10.11751493,0.2,2.8537,WV,0.5,46.5193,63.99621848,27
Kurtosis,Skew-Student-t,0.5,8,0.986643102,16.1824196,0.2,2.8537,WSD,0.5,42.4024,54.16001297,25
Kurtosis,Skew-Student-t,0.5,8,0.585810176,5.181443265,0.2,2.8537,SC,0.5,116.6778,161.714711,64
Kurtosis,Skew-Student-t,0.5,8,0.376659231,4.910543497,0.3,2.9286,EWMA,0.5,54.5193,73.61366942,31
Kurtosis,Skew-Student-t,0.5,8,0.41497836,4.621566097,0.3,2.9286,WV,0.5,51.3419,67.66649599,30
Kurtosis,Skew-Student-t,0.5,8,0.631681164,8.375077712,0.3,2.9286,WSD,0.5,47.5469,65.57582344,27
Kurtosis,Skew-Student-t,0.5,8,0.572676205,6.082220699,0.3,2.9286,SC,0.5,112.1458,146.7561688,63.5
Kurtosis,Skew-Student-t,0.5,8,0.334790366,6.313601591,0.1,2.6952,EWMA,0.75,20.6224,19.45838331,15
Kurtosis,Skew-Student-t,0.5,8,0.532819495,5.651102706,0.1,2.6952,WV,0.75,19.6273,17.14289306,15
Kurtosis,Skew-Student-t,0.5,8,0.472393609,5.66341785,0.1,2.6952,WSD,0.75,19.1728,17.45748025,14
Kurtosis,Skew-Student-t,0.5,8,0.558542222,5.778440827,0.1,2.6952,SC,0.75,39.8549,64.39551634,25
Kurtosis,Skew-Student-t,0.5,8,0.524488427,6.260121446,0.2,2.8537,EWMA,0.75,24.9348,30.19332894,16
Kurtosis,Skew-Student-t,0.5,8,0.744353395,6.421490511,0.2,2.8537,WV,0.75,23.3535,29.10674248,15
Kurtosis,Skew-Student-t,0.5,8,0.508727162,6.154089673,0.2,2.8537,WSD,0.75,22.2385,30.05282907,14
Kurtosis,Skew-Student-t,0.5,8,0.482017979,4.609621498,0.2,2.8537,SC,0.75,53.1163,81.4650344,29
Kurtosis,Skew-Student-t,0.5,8,0.985575876,15.62355109,0.3,2.9286,EWMA,0.75,29.9906,38.21549887,18
Kurtosis,Skew-Student-t,0.5,8,0.563419755,5.974516866,0.3,2.9286,WV,0.75,28.4841,36.46215156,17
Kurtosis,Skew-Student-t,0.5,8,0.461470914,5.634449624,0.3,2.9286,WSD,0.75,26.4799,35.52398614,16
Kurtosis,Skew-Student-t,0.5,8,1.117139078,24.39170798,0.3,2.9286,SC,0.75,106.2485,146.2128242,60
Kurtosis,Skew-Student-t,0.5,8,0.50389793,4.50377967,0.1,2.6952,EWMA,1,12.4952,8.641009412,10
Kurtosis,Skew-Student-t,0.5,8,0.63413608,7.163596991,0.1,2.6952,WV,1,12.1457,7.936181059,10
Kurtosis,Skew-Student-t,0.5,8,0.670756791,6.851531957,0.1,2.6952,WSD,1,11.7161,7.711617709,10
Kurtosis,Skew-Student-t,0.5,8,0.46131966,7.718011648,0.1,2.6952,SC,1,18.3047,16.51223556,14
Kurtosis,Skew-Student-t,0.5,8,1.095480285,13.64807661,0.2,2.8537,EWMA,1,14.2264,13.88047585,10
Kurtosis,Skew-Student-t,0.5,8,0.533624535,6.426539741,0.2,2.8537,WV,1,13.1947,12.17722548,10
Kurtosis,Skew-Student-t,0.5,8,0.662600093,7.040913247,0.2,2.8537,WSD,1,12.981,23.06955698,9
Kurtosis,Skew-Student-t,0.5,8,0.480351155,4.81188336,0.2,2.8537,SC,1,26.2062,43.23250613,16
Kurtosis,Skew-Student-t,0.5,8,0.485102338,8.481557436,0.3,2.9286,EWMA,1,17.2001,19.55606566,11
Kurtosis,Skew-Student-t,0.5,8,0.574185746,4.310047314,0.3,2.9286,WV,1,15.8297,18.60603978,10
Kurtosis,Skew-Student-t,0.5,8,1.350500839,26.46589448,0.3,2.9286,WSD,1,14.864,16.62185106,10
Kurtosis,Skew-Student-t,0.5,8,0.383241576,5.692463119,0.3,2.9286,SC,1,31.1802,44.90602391,18
Kurtosis,Skew-Student-t,0.5,8,0.353689607,7.261819183,0.1,2.6952,EWMA,1.5,6.977,3.297386583,6
Kurtosis,Skew-Student-t,0.5,8,0.618324278,7.676169718,0.1,2.6952,WV,1.5,6.8768,5.425584342,6
Kurtosis,Skew-Student-t,0.5,8,1.787444638,40.22884288,0.1,2.6952,WSD,1.5,6.6024,2.96563547,6
Kurtosis,Skew-Student-t,0.5,8,0.49267928,4.692366408,0.1,2.6952,SC,1.5,9.2554,4.54832272,8
Kurtosis,Skew-Student-t,0.5,8,1.093742701,19.20034473,0.2,2.8537,EWMA,1.5,6.6926,4.140751118,6
Kurtosis,Skew-Student-t,0.5,8,0.398270087,3.671070996,0.2,2.8537,WV,1.5,6.4809,3.985326018,6
Kurtosis,Skew-Student-t,0.5,8,0.447535815,5.417254868,0.2,2.8537,WSD,1.5,6.2163,3.721840878,5
Kurtosis,Skew-Student-t,0.5,8,0.4318614,5.951529995,0.2,2.8537,SC,1.5,9.4695,7.689212063,8
Kurtosis,Skew-Student-t,0.5,8,0.721360351,7.440321776,0.3,2.9286,EWMA,1.5,7.18,5.509377036,6
Kurtosis,Skew-Student-t,0.5,8,0.437710061,4.169839345,0.3,2.9286,WV,1.5,6.9863,5.501030671,6
Kurtosis,Skew-Student-t,0.5,8,0.357841454,4.711747968,0.3,2.9286,WSD,1.5,6.7036,5.161667494,5
Kurtosis,Skew-Student-t,0.5,8,0.086238976,10.34553743,0.3,2.9286,SC,1.5,8.1552,7.678685381,6
